eventid,playerid,jogador,teamId,teamName,minute,tempo,type,outcome,x,y,endX,endY
3,,,1219,Internacional,0,FirstHalf,Start,Successful,0,0,,
2,,,1243,Athletico Paranaense,0,FirstHalf,Start,Successful,0,0,,
4,355714,Alerrandro,1219,Internacional,0,FirstHalf,Pass,Successful,49.8,50.1,29.3,70
5,285541,Juninho,1219,Internacional,0,FirstHalf,Pass,Unsuccessful,29.3,70,74.8,30.7
3,404979,Lucas Esquivel,1243,Athletico Paranaense,0,FirstHalf,Clearance,Successful,15.4,61.4,40.8,84.7
6,383128,Bruno Gomes,1219,Internacional,0,FirstHalf,Pass,Unsuccessful,68.5,5.8,100,17.4
6,101675,Santos,1243,Athletico Paranaense,0,FirstHalf,Pass,Successful,3.9,49,11.8,14.9
7,404383,Carlos Terán,1243,Athletico Paranaense,0,FirstHalf,Pass,Successful,11.8,14.9,22.3,10.9
8,119542,Gilberto,1243,Athletico Paranaense,0,FirstHalf,Pass,Successful,22.3,10.9,9.4,21.8
9,404383,Carlos Terán,1243,Athletico Paranaense,0,FirstHalf,Pass,Successful,9.4,21.8,21.9,37.6
10,43369,Luiz Gustavo,1243,Athletico Paranaense,0,FirstHalf,Pass,Successful,21.9,37.6,5.9,48.4
11,101675,Santos,1243,Athletico Paranaense,0,FirstHalf,Pass,Unsuccessful,5.9,48.4,48.9,24.9
8,285541,Juninho,1219,Internacional,0,FirstHalf,Aerial,Successful,51.8,73.3,,
12,604318,Leozinho,1243,Athletico Paranaense,0,FirstHalf,Aerial,Unsuccessful,48.2,26.8,,
9,285541,Juninho,1219,Internacional,0,FirstHalf,Pass,Unsuccessful,53.1,70.6,71.6,72.4
13,404383,Carlos Terán,1243,Athletico Paranaense,0,FirstHalf,Pass,Successful,20.7,28.3,23,70.2
14,404979,Lucas Esquivel,1243,Athletico Paranaense,0,FirstHalf,Pass,Unsuccessful,22.9,79.7,52.2,84.4
10,417722,Félix Torres,1219,Internacional,0,FirstHalf,Interception,Successful,36,17.4,,
11,372676,Rodrigo Villagra,1219,Internacional,0,FirstHalf,BallRecovery,Successful,51.7,26.2,,
12,372676,Rodrigo Villagra,1219,Internacional,0,FirstHalf,Pass,Successful,54.5,21.9,67.6,12.6
13,404828,Johan Carbonero,1219,Internacional,0,FirstHalf,Pass,Successful,67.6,12.6,62.5,21.5
14,383128,Bruno Gomes,1219,Internacional,0,FirstHalf,Pass,Successful,62.5,21.5,60.1,9.5
15,373666,Vitinho,1219,Internacional,0,FirstHalf,Pass,Successful,60.1,9.5,58.6,22.4
16,372676,Rodrigo Villagra,1219,Internacional,0,FirstHalf,Pass,Successful,58.6,22.4,40.7,15.6
17,417722,Félix Torres,1219,Internacional,0,FirstHalf,Pass,Successful,39.9,18,38.1,26.7
18,372676,Rodrigo Villagra,1219,Internacional,0,FirstHalf,Pass,Successful,37.8,30.9,31.1,75.9
19,399546,Matheus Bahia,1219,Internacional,1,FirstHalf,Pass,Successful,31.1,75.9,12.9,54.6
20,416920,Anthoni,1219,Internacional,1,FirstHalf,Pass,Unsuccessful,18.3,45.7,57.2,49.9
15,477736,Juan Aguirre,1243,Athletico Paranaense,1,FirstHalf,Aerial,Successful,37.4,51.8,,
21,355714,Alerrandro,1219,Internacional,1,FirstHalf,Aerial,Unsuccessful,62.6,48.2,,
16,477736,Juan Aguirre,1243,Athletico Paranaense,1,FirstHalf,Pass,Unsuccessful,28.5,54.6,57.6,53.9
22,383128,Bruno Gomes,1219,Internacional,1,FirstHalf,Aerial,Successful,43.8,46.7,,
17,43369,Luiz Gustavo,1243,Athletico Paranaense,1,FirstHalf,Aerial,Unsuccessful,56.2,53.3,,
23,383128,Bruno Gomes,1219,Internacional,1,FirstHalf,Pass,Unsuccessful,45.9,47.6,59.9,60.5
18,404383,Carlos Terán,1243,Athletico Paranaense,1,FirstHalf,BallTouch,Successful,33.5,27,,
19,119542,Gilberto,1243,Athletico Paranaense,1,FirstHalf,BallRecovery,Successful,40.8,16.7,,
20,119542,Gilberto,1243,Athletico Paranaense,1,FirstHalf,Pass,Successful,40.8,16.7,38.3,23.1
21,43369,Luiz Gustavo,1243,Athletico Paranaense,1,FirstHalf,Pass,Successful,38.3,23.1,26.8,18.8
22,404383,Carlos Terán,1243,Athletico Paranaense,1,FirstHalf,Pass,Successful,28.8,21.2,36.8,28
23,43369,Luiz Gustavo,1243,Athletico Paranaense,1,FirstHalf,Pass,Successful,45,35.2,62.6,33.3
24,533161,Kevin Viveros,1243,Athletico Paranaense,1,FirstHalf,Pass,Successful,62.6,33.3,60,20.4
25,114096,Jádson,1243,Athletico Paranaense,1,FirstHalf,Pass,Unsuccessful,59.1,25.2,66.1,7.4
24,399546,Matheus Bahia,1219,Internacional,1,FirstHalf,Clearance,Successful,24.3,91.4,35.7,100
27,119542,Gilberto,1243,Athletico Paranaense,1,FirstHalf,Pass,Successful,55.4,0,51.9,13.7
28,404383,Carlos Terán,1243,Athletico Paranaense,1,FirstHalf,Pass,Successful,51.5,14.9,45.4,48.7
29,477736,Juan Aguirre,1243,Athletico Paranaense,1,FirstHalf,Pass,Successful,47.1,52.1,48.4,84.5
30,404979,Lucas Esquivel,1243,Athletico Paranaense,1,FirstHalf,Foul,Successful,50,82.4,,
26,404828,Johan Carbonero,1219,Internacional,1,FirstHalf,Foul,Unsuccessful,50,17.6,,
32,404979,Lucas Esquivel,1243,Athletico Paranaense,2,FirstHalf,Pass,Successful,47.8,82.1,38.6,67.5
33,477736,Juan Aguirre,1243,Athletico Paranaense,2,FirstHalf,Pass,Successful,36.3,60.3,39.5,28.2
34,404383,Carlos Terán,1243,Athletico Paranaense,2,FirstHalf,Pass,Successful,39.9,27.6,56.9,21
35,604318,Leozinho,1243,Athletico Paranaense,2,FirstHalf,Pass,Successful,63,6.7,72.9,13.2
36,114096,Jádson,1243,Athletico Paranaense,2,FirstHalf,Pass,Successful,72.9,13.2,64.7,18.5
37,604318,Leozinho,1243,Athletico Paranaense,2,FirstHalf,Pass,Unsuccessful,63.7,20.1,88,70.9
27,373666,Vitinho,1219,Internacional,2,FirstHalf,Aerial,Successful,11.4,31.6,,
38,605467,Claudinho,1243,Athletico Paranaense,2,FirstHalf,Aerial,Unsuccessful,88.6,68.4,,
28,373666,Vitinho,1219,Internacional,2,FirstHalf,Clearance,Successful,10.3,35.1,9.6,23.7
39,605467,Claudinho,1243,Athletico Paranaense,3,FirstHalf,BallTouch,Unsuccessful,92.1,89.1,,
29,417722,Félix Torres,1219,Internacional,3,FirstHalf,BallRecovery,Successful,11.1,11.3,,
30,417722,Félix Torres,1219,Internacional,3,FirstHalf,Pass,Unsuccessful,9.7,11.5,17.4,11.3
48,404979,Lucas Esquivel,1243,Athletico Paranaense,3,FirstHalf,BallTouch,Successful,79.5,91.8,,
31,404828,Johan Carbonero,1219,Internacional,3,FirstHalf,Pass,Successful,57.5,27.6,67.3,8
32,373666,Vitinho,1219,Internacional,3,FirstHalf,Pass,Unsuccessful,70.8,7.4,98.2,48.9
41,101675,Santos,1243,Athletico Paranaense,3,FirstHalf,Clearance,Successful,2.2,49,1.2,47.5
43,119542,Gilberto,1243,Athletico Paranaense,3,FirstHalf,BallRecovery,Successful,13.2,12,,
44,119542,Gilberto,1243,Athletico Paranaense,3,FirstHalf,Pass,Successful,13.2,12,9.5,24.3
45,404383,Carlos Terán,1243,Athletico Paranaense,3,FirstHalf,Pass,Unsuccessful,9.5,24.3,38.2,30.6
33,285541,Juninho,1219,Internacional,3,FirstHalf,Pass,Unsuccessful,58.6,72.1,80.3,100
49,119542,Gilberto,1243,Athletico Paranaense,4,FirstHalf,Pass,Successful,20,0,12.7,9.7
50,404383,Carlos Terán,1243,Athletico Paranaense,4,FirstHalf,BallTouch,Successful,12.7,9.7,,
51,533161,Kevin Viveros,1243,Athletico Paranaense,4,FirstHalf,BallTouch,Unsuccessful,63.2,41.8,,
35,417722,Félix Torres,1219,Internacional,4,FirstHalf,BallRecovery,Successful,25.7,39.7,,
36,417722,Félix Torres,1219,Internacional,4,FirstHalf,Pass,Successful,24,33.7,6.9,48.7
37,416920,Anthoni,1219,Internacional,4,FirstHalf,Pass,Unsuccessful,9.2,41.3,62.5,14.1
52,605467,Claudinho,1243,Athletico Paranaense,4,FirstHalf,Pass,Unsuccessful,40.4,83.3,67.3,85.6
38,417722,Félix Torres,1219,Internacional,4,FirstHalf,Pass,Unsuccessful,27.6,14.7,33,8
39,383128,Bruno Gomes,1219,Internacional,4,FirstHalf,Foul,Successful,38.3,8,,
53,43369,Luiz Gustavo,1243,Athletico Paranaense,4,FirstHalf,Foul,Unsuccessful,61.8,92,,
40,417722,Félix Torres,1219,Internacional,5,FirstHalf,Pass,Successful,37,8.2,33.9,36.1
41,372676,Rodrigo Villagra,1219,Internacional,5,FirstHalf,Pass,Successful,33.9,36.1,33.6,64.2
42,121417,Guillermo Maripán,1219,Internacional,5,FirstHalf,Pass,Successful,34.7,63.1,36.6,93.6
43,285541,Juninho,1219,Internacional,5,FirstHalf,Pass,Unsuccessful,35.6,93.9,61.1,95
44,386203,Alexandro Bernabéi,1219,Internacional,5,FirstHalf,BallTouch,Unsuccessful,56,89.3,,
54,477736,Juan Aguirre,1243,Athletico Paranaense,5,FirstHalf,Pass,Unsuccessful,30.3,5.8,37.5,11.4
55,114096,Jádson,1243,Athletico Paranaense,5,FirstHalf,BallRecovery,Successful,40.5,18.2,,
56,114096,Jádson,1243,Athletico Paranaense,5,FirstHalf,Pass,Unsuccessful,40.5,18.2,57.4,29.2
45,372676,Rodrigo Villagra,1219,Internacional,5,FirstHalf,Interception,Successful,37.4,73.3,,
46,383128,Bruno Gomes,1219,Internacional,5,FirstHalf,Pass,Successful,38.9,71.2,32.4,79.7
47,121417,Guillermo Maripán,1219,Internacional,5,FirstHalf,BallRecovery,Successful,32.4,79.7,,
48,121417,Guillermo Maripán,1219,Internacional,5,FirstHalf,Pass,Successful,32.4,79.7,34.6,64.9
49,383128,Bruno Gomes,1219,Internacional,5,FirstHalf,Pass,Successful,34.5,63.9,34.2,28.8
50,417722,Félix Torres,1219,Internacional,5,FirstHalf,Pass,Successful,34.9,28.5,40,5.6
51,373666,Vitinho,1219,Internacional,5,FirstHalf,Pass,Successful,40,5.6,37.8,22.2
52,383128,Bruno Gomes,1219,Internacional,5,FirstHalf,Pass,Successful,37.8,22.2,55.3,3.4
53,404828,Johan Carbonero,1219,Internacional,5,FirstHalf,BallTouch,Unsuccessful,55.2,3.5,,
58,404979,Lucas Esquivel,1243,Athletico Paranaense,5,FirstHalf,Pass,Successful,48.9,100,35.4,85.9
59,477736,Juan Aguirre,1243,Athletico Paranaense,6,FirstHalf,Pass,Successful,37,77,33.6,50.4
60,404383,Carlos Terán,1243,Athletico Paranaense,6,FirstHalf,Pass,Successful,37.3,43.4,53.7,3.1
61,119542,Gilberto,1243,Athletico Paranaense,6,FirstHalf,Pass,Unsuccessful,66.3,5.6,76.5,44.8
55,121417,Guillermo Maripán,1219,Internacional,6,FirstHalf,Interception,Successful,21.1,64.8,,
56,383128,Bruno Gomes,1219,Internacional,6,FirstHalf,BallTouch,Successful,22.8,63.4,,
57,416920,Anthoni,1219,Internacional,6,FirstHalf,Smother,Successful,10.2,57.5,,
58,416920,Anthoni,1219,Internacional,6,FirstHalf,KeeperPickup,Successful,10.2,57.5,,
60,416920,Anthoni,1219,Internacional,6,FirstHalf,Pass,Unsuccessful,6.2,47.8,56.1,30.4
62,404979,Lucas Esquivel,1243,Athletico Paranaense,6,FirstHalf,Aerial,Successful,42.4,68,,
61,404828,Johan Carbonero,1219,Internacional,6,FirstHalf,Aerial,Unsuccessful,57.6,32,,
63,404979,Lucas Esquivel,1243,Athletico Paranaense,6,FirstHalf,Pass,Successful,39.9,65.4,59.8,80.2
64,279539,Steven Mendoza,1243,Athletico Paranaense,6,FirstHalf,BallRecovery,Successful,61,84.5,,
63,383128,Bruno Gomes,1219,Internacional,6,FirstHalf,Challenge,Unsuccessful,29.2,13.8,,
65,279539,Steven Mendoza,1243,Athletico Paranaense,6,FirstHalf,TakeOn,Successful,70.8,86.2,,
66,279539,Steven Mendoza,1243,Athletico Paranaense,6,FirstHalf,Pass,Unsuccessful,80,87.7,100,58.1
65,416920,Anthoni,1219,Internacional,7,FirstHalf,Pass,Successful,3.5,49.4,59.6,28.8
407,417722,Félix Torres,1219,Internacional,7,FirstHalf,Pass,Successful,55.5,18.6,65.2,27.9
408,404828,Johan Carbonero,1219,Internacional,7,FirstHalf,Pass,Successful,61.7,22.5,69.6,24.7
409,355714,Alerrandro,1219,Internacional,7,FirstHalf,BallTouch,Successful,67.4,22.5,,
68,404979,Lucas Esquivel,1243,Athletico Paranaense,7,FirstHalf,Clearance,Successful,20.1,90.6,57,96
67,417722,Félix Torres,1219,Internacional,7,FirstHalf,Pass,Successful,41.6,6.8,57.5,6.4
68,383128,Bruno Gomes,1219,Internacional,7,FirstHalf,Pass,Successful,57.5,6.4,62.4,10.6
69,373666,Vitinho,1219,Internacional,7,FirstHalf,Pass,Successful,62.4,10.6,58.3,19.4
70,383128,Bruno Gomes,1219,Internacional,7,FirstHalf,Pass,Unsuccessful,58.3,19.4,61.7,18
69,43369,Luiz Gustavo,1243,Athletico Paranaense,7,FirstHalf,BlockedPass,Successful,34.5,79.4,,
71,372676,Rodrigo Villagra,1219,Internacional,7,FirstHalf,Pass,Successful,54,19.1,44.6,11.4
72,417722,Félix Torres,1219,Internacional,7,FirstHalf,Pass,Successful,44.2,10,53.5,22.4
73,372676,Rodrigo Villagra,1219,Internacional,7,FirstHalf,Pass,Successful,55.2,29.4,57.4,92.6
74,399546,Matheus Bahia,1219,Internacional,7,FirstHalf,BallTouch,Unsuccessful,57.2,92.5,,
70,119542,Gilberto,1243,Athletico Paranaense,7,FirstHalf,TakeOn,Successful,43.7,9.8,,
406,399546,Matheus Bahia,1219,Internacional,7,FirstHalf,Challenge,Unsuccessful,56.3,90.2,,
71,119542,Gilberto,1243,Athletico Paranaense,7,FirstHalf,BallRecovery,Successful,59.8,7.7,,
72,119542,Gilberto,1243,Athletico Paranaense,7,FirstHalf,Pass,Successful,72.2,5.9,89.5,47.8
73,533161,Kevin Viveros,1243,Athletico Paranaense,7,FirstHalf,BallTouch,Unsuccessful,89.5,47.8,,
110,121417,Guillermo Maripán,1219,Internacional,7,FirstHalf,BallTouch,Successful,10.9,50.9,,
76,417722,Félix Torres,1219,Internacional,7,FirstHalf,BallRecovery,Successful,6.3,17.9,,
77,417722,Félix Torres,1219,Internacional,7,FirstHalf,Pass,Successful,6.3,17.9,12.6,7.7
78,373666,Vitinho,1219,Internacional,7,FirstHalf,Dispossessed,Successful,13.2,7.9,,
76,605467,Claudinho,1243,Athletico Paranaense,7,FirstHalf,Tackle,Successful,86.8,92.1,,
78,605467,Claudinho,1243,Athletico Paranaense,7,FirstHalf,BallTouch,Unsuccessful,86.8,91.8,,
79,417722,Félix Torres,1219,Internacional,7,FirstHalf,Pass,Successful,7.4,7.9,12,12.9
80,372676,Rodrigo Villagra,1219,Internacional,7,FirstHalf,Pass,Successful,8.2,16.2,4.9,11.3
81,417722,Félix Torres,1219,Internacional,7,FirstHalf,Pass,Unsuccessful,4.4,10.6,30.4,11.3
79,114096,Jádson,1243,Athletico Paranaense,7,FirstHalf,Pass,Unsuccessful,66.4,87.4,72.1,69.6
82,373666,Vitinho,1219,Internacional,8,FirstHalf,Pass,Successful,24.3,25.6,28.6,75.4
83,399546,Matheus Bahia,1219,Internacional,8,FirstHalf,Pass,Unsuccessful,29.2,77,73.2,77.6
80,404383,Carlos Terán,1243,Athletico Paranaense,8,FirstHalf,BallRecovery,Successful,27.1,16.8,,
81,404383,Carlos Terán,1243,Athletico Paranaense,8,FirstHalf,Pass,Successful,26,18,19.8,50.6
82,477736,Juan Aguirre,1243,Athletico Paranaense,8,FirstHalf,Pass,Successful,25.4,55.2,26.3,78.1
83,404979,Lucas Esquivel,1243,Athletico Paranaense,8,FirstHalf,Pass,Successful,31.1,70.9,34,23.9
84,404383,Carlos Terán,1243,Athletico Paranaense,8,FirstHalf,Pass,Successful,34,23.9,47.7,3.1
85,119542,Gilberto,1243,Athletico Paranaense,8,FirstHalf,Pass,Successful,61.8,4,57.4,19.1
86,43369,Luiz Gustavo,1243,Athletico Paranaense,8,FirstHalf,Pass,Successful,60,19.4,67.2,27.3
87,604318,Leozinho,1243,Athletico Paranaense,8,FirstHalf,Pass,Successful,67.2,27.3,43.9,23.9
88,404383,Carlos Terán,1243,Athletico Paranaense,8,FirstHalf,Pass,Successful,43.9,23.9,52.9,35.4
89,114096,Jádson,1243,Athletico Paranaense,8,FirstHalf,Pass,Successful,52.9,39.2,44.1,80.2
90,404979,Lucas Esquivel,1243,Athletico Paranaense,8,FirstHalf,Pass,Successful,51.1,85.3,61.9,95.9
91,605467,Claudinho,1243,Athletico Paranaense,8,FirstHalf,Pass,Unsuccessful,68.8,95,80.5,64.9
84,121417,Guillermo Maripán,1219,Internacional,8,FirstHalf,BallRecovery,Successful,21.7,33.9,,
85,121417,Guillermo Maripán,1219,Internacional,8,FirstHalf,Pass,Successful,27.7,33,58.6,53
86,355714,Alerrandro,1219,Internacional,8,FirstHalf,BallTouch,Unsuccessful,59.8,53.1,,
92,477736,Juan Aguirre,1243,Athletico Paranaense,8,FirstHalf,BallRecovery,Successful,28.6,51.3,,
93,477736,Juan Aguirre,1243,Athletico Paranaense,8,FirstHalf,Pass,Successful,28.6,51.3,7.1,50
94,101675,Santos,1243,Athletico Paranaense,8,FirstHalf,Pass,Successful,6.9,50.3,18.8,19.2
95,404383,Carlos Terán,1243,Athletico Paranaense,8,FirstHalf,Pass,Successful,21.8,16.1,43.1,2.8
96,119542,Gilberto,1243,Athletico Paranaense,8,FirstHalf,Pass,Successful,43.3,3.5,44.8,19.4
97,114096,Jádson,1243,Athletico Paranaense,8,FirstHalf,Pass,Successful,46.5,19.8,59.4,20.4
98,604318,Leozinho,1243,Athletico Paranaense,8,FirstHalf,Pass,Successful,59.4,20.4,55.6,8.9
99,119542,Gilberto,1243,Athletico Paranaense,9,FirstHalf,Pass,Successful,58.2,7.1,53.5,19.8
100,114096,Jádson,1243,Athletico Paranaense,9,FirstHalf,Pass,Successful,54.6,23.6,46.3,51
101,477736,Juan Aguirre,1243,Athletico Paranaense,9,FirstHalf,Pass,Successful,46.3,51,43.6,82.7
102,404979,Lucas Esquivel,1243,Athletico Paranaense,9,FirstHalf,Pass,Successful,43.6,82.7,56.2,93.2
103,605467,Claudinho,1243,Athletico Paranaense,9,FirstHalf,Pass,Successful,59.4,96.9,55.4,79.3
104,43369,Luiz Gustavo,1243,Athletico Paranaense,9,FirstHalf,Pass,Successful,55.4,79.3,51.6,88.1
105,404979,Lucas Esquivel,1243,Athletico Paranaense,9,FirstHalf,Pass,Successful,52.1,76.6,51.3,49.3
106,114096,Jádson,1243,Athletico Paranaense,9,FirstHalf,Pass,Successful,58.3,28.3,66.1,1.4
107,604318,Leozinho,1243,Athletico Paranaense,9,FirstHalf,Pass,Unsuccessful,63.5,7.4,96.4,46.9
87,416920,Anthoni,1219,Internacional,9,FirstHalf,KeeperPickup,Successful,2.4,49.9,,
88,416920,Anthoni,1219,Internacional,9,FirstHalf,Pass,Successful,8.6,51.5,14.1,76.3
89,285541,Juninho,1219,Internacional,9,FirstHalf,Pass,Successful,14.7,74.8,4.5,64
90,416920,Anthoni,1219,Internacional,9,FirstHalf,Pass,Unsuccessful,4.5,64,40.7,77
108,404383,Carlos Terán,1243,Athletico Paranaense,9,FirstHalf,Pass,Successful,53.2,28.3,67.5,32.5
109,604318,Leozinho,1243,Athletico Paranaense,9,FirstHalf,Pass,Unsuccessful,67.6,32.7,75.1,52.8
91,121417,Guillermo Maripán,1219,Internacional,9,FirstHalf,Pass,Unsuccessful,23.9,66.9,63.9,100
110,477736,Juan Aguirre,1243,Athletico Paranaense,9,FirstHalf,ShieldBallOpp,Successful,27.9,1.5,,
112,119542,Gilberto,1243,Athletico Paranaense,10,FirstHalf,Pass,Successful,30.2,0,13.4,4.7
113,404383,Carlos Terán,1243,Athletico Paranaense,10,FirstHalf,Pass,Unsuccessful,18.2,2.9,46.3,12.3
93,399546,Matheus Bahia,1219,Internacional,10,FirstHalf,Pass,Successful,51.9,92.9,58.4,88.9
94,386203,Alexandro Bernabéi,1219,Internacional,10,FirstHalf,Pass,Successful,58.4,88.9,67,83.6
95,355714,Alerrandro,1219,Internacional,10,FirstHalf,Pass,Successful,67,83.6,68.5,75.6
114,404383,Carlos Terán,1243,Athletico Paranaense,10,FirstHalf,Challenge,Unsuccessful,33.4,27.4,,
96,386203,Alexandro Bernabéi,1219,Internacional,10,FirstHalf,TakeOn,Successful,66.6,72.6,,
97,386203,Alexandro Bernabéi,1219,Internacional,10,FirstHalf,BallRecovery,Successful,79.3,72.3,,
98,386203,Alexandro Bernabéi,1219,Internacional,10,FirstHalf,SavedShot,Successful,86.5,70.5,,
115,477736,Juan Aguirre,1243,Athletico Paranaense,10,FirstHalf,Save,Successful,11.2,32.1,,
99,386203,Alexandro Bernabéi,1219,Internacional,10,FirstHalf,CornerAwarded,Successful,89.6,66,,
116,477736,Juan Aguirre,1243,Athletico Paranaense,10,FirstHalf,CornerAwarded,Unsuccessful,10.4,34,,
100,404828,Johan Carbonero,1219,Internacional,10,FirstHalf,Pass,Unsuccessful,99.5,99.5,94.1,54.9
117,533161,Kevin Viveros,1243,Athletico Paranaense,10,FirstHalf,Clearance,Successful,6.2,45.8,42.8,11.3
101,386203,Alexandro Bernabéi,1219,Internacional,10,FirstHalf,Pass,Successful,66.1,91.5,75.6,95
102,404828,Johan Carbonero,1219,Internacional,11,FirstHalf,Pass,Successful,74.9,93.5,64.2,94.2
103,386203,Alexandro Bernabéi,1219,Internacional,11,FirstHalf,TakeOn,Unsuccessful,69.8,94.2,,
119,119542,Gilberto,1243,Athletico Paranaense,11,FirstHalf,Clearance,Successful,26.1,2.7,31.8,0
105,285541,Juninho,1219,Internacional,11,FirstHalf,Pass,Successful,60.5,100,63.7,89.3
106,383128,Bruno Gomes,1219,Internacional,11,FirstHalf,Pass,Unsuccessful,63.7,89.3,60.6,100
122,119542,Gilberto,1243,Athletico Paranaense,11,FirstHalf,Pass,Successful,36,0,25.6,9.5
123,404383,Carlos Terán,1243,Athletico Paranaense,11,FirstHalf,Pass,Successful,23.2,13.4,17.5,37.4
124,477736,Juan Aguirre,1243,Athletico Paranaense,11,FirstHalf,Pass,Successful,17.7,37.4,28.7,90.8
125,404979,Lucas Esquivel,1243,Athletico Paranaense,11,FirstHalf,Pass,Successful,30.3,92.4,53.8,96.8
126,605467,Claudinho,1243,Athletico Paranaense,11,FirstHalf,Pass,Successful,59.6,95.1,56.4,77.5
127,43369,Luiz Gustavo,1243,Athletico Paranaense,11,FirstHalf,Pass,Successful,60.7,73,84.4,9.7
128,119542,Gilberto,1243,Athletico Paranaense,11,FirstHalf,Pass,Successful,84.4,9.7,77.4,29.5
129,604318,Leozinho,1243,Athletico Paranaense,12,FirstHalf,Pass,Successful,85.1,24.7,89,9.4
130,119542,Gilberto,1243,Athletico Paranaense,12,FirstHalf,Pass,Unsuccessful,92,6.5,93.9,10.6
108,399546,Matheus Bahia,1219,Internacional,12,FirstHalf,BallTouch,Successful,10.9,87.8,,
131,119542,Gilberto,1243,Athletico Paranaense,12,FirstHalf,CornerAwarded,Successful,91,11.6,,
109,399546,Matheus Bahia,1219,Internacional,12,FirstHalf,CornerAwarded,Unsuccessful,9.1,88.4,,
132,404979,Lucas Esquivel,1243,Athletico Paranaense,12,FirstHalf,Pass,Successful,99.5,0.5,90.2,74.4
133,604318,Leozinho,1243,Athletico Paranaense,12,FirstHalf,MissedShots,Successful,91.2,70.8,,
112,416920,Anthoni,1219,Internacional,13,FirstHalf,Pass,Unsuccessful,3.4,45.7,58.8,20.9
135,279539,Steven Mendoza,1243,Athletico Paranaense,13,FirstHalf,Aerial,Successful,38.8,82.8,,
113,417722,Félix Torres,1219,Internacional,13,FirstHalf,Aerial,Unsuccessful,61.2,17.2,,
136,279539,Steven Mendoza,1243,Athletico Paranaense,13,FirstHalf,Pass,Unsuccessful,34.9,89.1,41.4,83.6
114,383128,Bruno Gomes,1219,Internacional,13,FirstHalf,Pass,Successful,55.5,23.3,53.1,17
115,417722,Félix Torres,1219,Internacional,13,FirstHalf,Pass,Successful,53.1,17,43.1,25.6
116,372676,Rodrigo Villagra,1219,Internacional,13,FirstHalf,Pass,Unsuccessful,43.1,25.6,66.4,0
138,404979,Lucas Esquivel,1243,Athletico Paranaense,13,FirstHalf,Pass,Unsuccessful,37.1,100,66.4,88.4
118,285541,Juninho,1219,Internacional,13,FirstHalf,BallRecovery,Successful,27.8,32.2,,
119,285541,Juninho,1219,Internacional,13,FirstHalf,Pass,Successful,27.3,34.9,8.5,43.3
120,416920,Anthoni,1219,Internacional,13,FirstHalf,Pass,Successful,8.8,41.6,21.1,34.6
121,372676,Rodrigo Villagra,1219,Internacional,14,FirstHalf,Pass,Successful,21.5,36.6,28.1,6.8
122,121417,Guillermo Maripán,1219,Internacional,14,FirstHalf,Pass,Successful,36.2,13.7,44.9,5.3
123,417722,Félix Torres,1219,Internacional,14,FirstHalf,Pass,Successful,44.9,5.3,47.3,28.9
124,383128,Bruno Gomes,1219,Internacional,14,FirstHalf,Pass,Successful,47.3,28.9,34.5,24.3
125,121417,Guillermo Maripán,1219,Internacional,14,FirstHalf,Pass,Successful,34.5,24.3,7.6,51
126,416920,Anthoni,1219,Internacional,14,FirstHalf,Pass,Successful,8.8,50.1,22.3,16.1
127,121417,Guillermo Maripán,1219,Internacional,14,FirstHalf,Pass,Successful,23.6,14.7,8.4,47.9
128,416920,Anthoni,1219,Internacional,14,FirstHalf,Pass,Successful,3.9,49.7,41.4,69
129,355714,Alerrandro,1219,Internacional,14,FirstHalf,Pass,Unsuccessful,41.4,69,61.7,84.7
139,119542,Gilberto,1243,Athletico Paranaense,14,FirstHalf,BallRecovery,Successful,31.6,12.2,,
140,119542,Gilberto,1243,Athletico Paranaense,14,FirstHalf,Pass,Successful,31.6,12.2,9.3,42.7
141,101675,Santos,1243,Athletico Paranaense,14,FirstHalf,Pass,Successful,8.2,48.1,22.1,75.3
142,404979,Lucas Esquivel,1243,Athletico Paranaense,14,FirstHalf,Pass,Successful,24.4,76.1,31.8,96.6
143,605467,Claudinho,1243,Athletico Paranaense,14,FirstHalf,Pass,Successful,29,93,23.7,78.7
144,404979,Lucas Esquivel,1243,Athletico Paranaense,14,FirstHalf,Pass,Unsuccessful,24.9,80.6,78.4,73.5
130,121417,Guillermo Maripán,1219,Internacional,14,FirstHalf,Clearance,Successful,19.2,26.7,11.1,59.4
131,121417,Guillermo Maripán,1219,Internacional,14,FirstHalf,Error,Successful,24.8,23.6,,
145,604318,Leozinho,1243,Athletico Paranaense,14,FirstHalf,MissedShots,Successful,87.4,44.8,,
133,416920,Anthoni,1219,Internacional,15,FirstHalf,Pass,Successful,2.9,47.2,27.2,74.1
134,285541,Juninho,1219,Internacional,15,FirstHalf,Pass,Successful,27.2,74.1,27.8,55.1
135,372676,Rodrigo Villagra,1219,Internacional,15,FirstHalf,Pass,Successful,27.8,55.1,79.4,12.3
136,373666,Vitinho,1219,Internacional,15,FirstHalf,BallTouch,Successful,79.4,11.6,,
147,605467,Claudinho,1243,Athletico Paranaense,15,FirstHalf,BallRecovery,Successful,8.6,90.8,,
148,605467,Claudinho,1243,Athletico Paranaense,15,FirstHalf,Pass,Successful,9.9,94.4,7,89.9
149,404979,Lucas Esquivel,1243,Athletico Paranaense,15,FirstHalf,Pass,Unsuccessful,7,89.9,43.5,94.4
137,417722,Félix Torres,1219,Internacional,15,FirstHalf,Pass,Unsuccessful,56.2,12.5,56.2,40.9
150,604318,Leozinho,1243,Athletico Paranaense,15,FirstHalf,Pass,Successful,41,50.3,43.1,48.8
151,114096,Jádson,1243,Athletico Paranaense,15,FirstHalf,BallRecovery,Successful,45,47,,
152,114096,Jádson,1243,Athletico Paranaense,15,FirstHalf,Pass,Successful,57.9,34.3,57.7,20
153,119542,Gilberto,1243,Athletico Paranaense,15,FirstHalf,Pass,Successful,57.7,20,56.3,28.5
154,604318,Leozinho,1243,Athletico Paranaense,15,FirstHalf,Foul,Successful,60,25.2,,
138,386203,Alexandro Bernabéi,1219,Internacional,15,FirstHalf,Foul,Unsuccessful,40,74.8,,
155,404383,Carlos Terán,1243,Athletico Paranaense,16,FirstHalf,Pass,Successful,58.1,29.7,75.4,25.3
156,604318,Leozinho,1243,Athletico Paranaense,16,FirstHalf,Pass,Unsuccessful,75.4,25.3,88,28.9
139,399546,Matheus Bahia,1219,Internacional,16,FirstHalf,Clearance,Successful,12.7,74.1,27.6,9.2
140,404828,Johan Carbonero,1219,Internacional,16,FirstHalf,BallRecovery,Successful,27.9,8.5,,
141,404828,Johan Carbonero,1219,Internacional,16,FirstHalf,Foul,Successful,37.8,15.8,,
157,404979,Lucas Esquivel,1243,Athletico Paranaense,16,FirstHalf,Foul,Unsuccessful,62.3,84.2,,
142,417722,Félix Torres,1219,Internacional,16,FirstHalf,Pass,Successful,33,21.5,30.4,28.3
143,372676,Rodrigo Villagra,1219,Internacional,16,FirstHalf,Pass,Successful,36.7,32.8,38.7,11.9
144,417722,Félix Torres,1219,Internacional,16,FirstHalf,Pass,Successful,39.7,12.9,43,26.2
145,383128,Bruno Gomes,1219,Internacional,16,FirstHalf,Pass,Successful,43,26.2,56.5,8.5
146,373666,Vitinho,1219,Internacional,16,FirstHalf,BallTouch,Unsuccessful,56.5,8.5,,
159,404979,Lucas Esquivel,1243,Athletico Paranaense,17,FirstHalf,Pass,Successful,34.6,100,58.7,94.7
160,605467,Claudinho,1243,Athletico Paranaense,17,FirstHalf,Dispossessed,Successful,57,92.8,,
148,417722,Félix Torres,1219,Internacional,17,FirstHalf,Tackle,Unsuccessful,43,7.2,,
164,605467,Claudinho,1243,Athletico Paranaense,17,FirstHalf,BallTouch,Successful,55,95.6,,
151,417722,Félix Torres,1219,Internacional,17,FirstHalf,Pass,Successful,45.8,0,32.4,16.8
152,121417,Guillermo Maripán,1219,Internacional,17,FirstHalf,Pass,Successful,32.4,16.8,25.6,40.4
153,285541,Juninho,1219,Internacional,17,FirstHalf,Pass,Successful,25.6,40.4,27,20
154,121417,Guillermo Maripán,1219,Internacional,17,FirstHalf,Pass,Successful,27,20,49.3,19.1
156,404828,Johan Carbonero,1219,Internacional,17,FirstHalf,Foul,Successful,45.4,14.6,,
165,404979,Lucas Esquivel,1243,Athletico Paranaense,17,FirstHalf,Foul,Unsuccessful,54.6,85.4,,
157,417722,Félix Torres,1219,Internacional,18,FirstHalf,Pass,Successful,42.2,7.7,35.2,22.4
158,121417,Guillermo Maripán,1219,Internacional,18,FirstHalf,Pass,Successful,35.2,22.4,31,60.9
159,372676,Rodrigo Villagra,1219,Internacional,18,FirstHalf,Pass,Successful,33.6,57,31.5,33.3
160,121417,Guillermo Maripán,1219,Internacional,18,FirstHalf,Pass,Successful,37.3,21,74.8,18
161,404828,Johan Carbonero,1219,Internacional,18,FirstHalf,Pass,Successful,74.8,18,71.3,27
162,355714,Alerrandro,1219,Internacional,18,FirstHalf,MissedShots,Successful,71.3,27,,
167,101675,Santos,1243,Athletico Paranaense,18,FirstHalf,Pass,Successful,5.3,50.3,35.2,3.2
168,119542,Gilberto,1243,Athletico Paranaense,18,FirstHalf,Pass,Unsuccessful,37,3.2,62,27
164,285541,Juninho,1219,Internacional,18,FirstHalf,BallRecovery,Successful,28.8,77.2,,
165,285541,Juninho,1219,Internacional,18,FirstHalf,Pass,Successful,28.8,77.2,36.5,74.5
166,372676,Rodrigo Villagra,1219,Internacional,18,FirstHalf,Pass,Successful,36.5,74.5,33,80.8
167,285541,Juninho,1219,Internacional,18,FirstHalf,Pass,Successful,33,80.8,35.3,95
168,399546,Matheus Bahia,1219,Internacional,18,FirstHalf,TakeOn,Unsuccessful,36.4,91.6,,
170,604318,Leozinho,1243,Athletico Paranaense,18,FirstHalf,Tackle,Unsuccessful,63.6,8.4,,
169,399546,Matheus Bahia,1219,Internacional,18,FirstHalf,Dispossessed,Successful,35.7,90,,
171,604318,Leozinho,1243,Athletico Paranaense,18,FirstHalf,Tackle,Successful,64.3,9.9,,
172,114096,Jádson,1243,Athletico Paranaense,18,FirstHalf,BallRecovery,Successful,58.2,10,,
173,114096,Jádson,1243,Athletico Paranaense,18,FirstHalf,Pass,Successful,58.2,10,63.7,0.4
174,119542,Gilberto,1243,Athletico Paranaense,18,FirstHalf,Pass,Successful,63.4,4.9,88.6,25.9
175,533161,Kevin Viveros,1243,Athletico Paranaense,19,FirstHalf,BallTouch,Unsuccessful,88.6,25.9,,
170,285541,Juninho,1219,Internacional,19,FirstHalf,BallRecovery,Successful,12.3,65.7,,
171,285541,Juninho,1219,Internacional,19,FirstHalf,Pass,Unsuccessful,12.3,65.7,41.6,0
177,605467,Claudinho,1243,Athletico Paranaense,19,FirstHalf,Pass,Successful,49.3,100,37.5,74.4
178,404979,Lucas Esquivel,1243,Athletico Paranaense,19,FirstHalf,Pass,Successful,40.7,71.8,38.8,46.1
179,477736,Juan Aguirre,1243,Athletico Paranaense,19,FirstHalf,Pass,Successful,38.8,46.1,42.9,21.2
180,404383,Carlos Terán,1243,Athletico Paranaense,19,FirstHalf,Pass,Successful,42.9,21.2,55.3,2.9
181,119542,Gilberto,1243,Athletico Paranaense,19,FirstHalf,Pass,Successful,61.1,4.9,50.8,24.7
182,404383,Carlos Terán,1243,Athletico Paranaense,19,FirstHalf,Pass,Unsuccessful,50.8,24.7,55.9,72.3
174,404828,Johan Carbonero,1219,Internacional,19,FirstHalf,BallRecovery,Successful,51,36.6,,
175,404828,Johan Carbonero,1219,Internacional,19,FirstHalf,Pass,Successful,52.6,36.6,67.6,53.6
176,355714,Alerrandro,1219,Internacional,19,FirstHalf,Pass,Successful,67.7,53.6,65.2,65.8
177,386203,Alexandro Bernabéi,1219,Internacional,19,FirstHalf,TakeOn,Unsuccessful,72.5,90.4,,
183,404383,Carlos Terán,1243,Athletico Paranaense,19,FirstHalf,Tackle,Successful,27.4,9.5,,
179,399546,Matheus Bahia,1219,Internacional,19,FirstHalf,Pass,Successful,67.5,100,57.5,90.6
180,383128,Bruno Gomes,1219,Internacional,19,FirstHalf,Pass,Successful,57.5,90.6,56,79.9
181,372676,Rodrigo Villagra,1219,Internacional,19,FirstHalf,Pass,Successful,55.9,67,55.5,13.7
183,417722,Félix Torres,1219,Internacional,19,FirstHalf,Pass,Successful,56.4,17.1,60.9,31.2
184,404828,Johan Carbonero,1219,Internacional,19,FirstHalf,Pass,Successful,60.9,31.2,33.8,57.3
185,121417,Guillermo Maripán,1219,Internacional,20,FirstHalf,Pass,Successful,34.8,57.3,38.6,71.5
186,285541,Juninho,1219,Internacional,20,FirstHalf,Pass,Successful,38.6,71.5,45.5,85.9
187,383128,Bruno Gomes,1219,Internacional,20,FirstHalf,Pass,Successful,42.8,81.7,33,46.4
188,121417,Guillermo Maripán,1219,Internacional,20,FirstHalf,Pass,Successful,33.7,43.9,33.6,17
189,417722,Félix Torres,1219,Internacional,20,FirstHalf,Pass,Unsuccessful,34.5,15.3,70,12.6
185,404979,Lucas Esquivel,1243,Athletico Paranaense,20,FirstHalf,BallTouch,Unsuccessful,30.4,87.8,,
190,404828,Johan Carbonero,1219,Internacional,20,FirstHalf,Pass,Unsuccessful,85.6,16.5,93.3,53.6
186,101675,Santos,1243,Athletico Paranaense,20,FirstHalf,KeeperPickup,Successful,6.4,50.7,,
187,101675,Santos,1243,Athletico Paranaense,20,FirstHalf,Pass,Successful,9.2,49.9,21.2,5.9
188,119542,Gilberto,1243,Athletico Paranaense,20,FirstHalf,Pass,Successful,19.4,9.1,9.4,12.8
189,404383,Carlos Terán,1243,Athletico Paranaense,20,FirstHalf,Pass,Successful,9.4,12.6,54.9,43.6
190,533161,Kevin Viveros,1243,Athletico Paranaense,20,FirstHalf,BallTouch,Unsuccessful,54.9,43.6,,
191,417722,Félix Torres,1219,Internacional,20,FirstHalf,Pass,Successful,37.1,48.5,51.6,51.6
192,372676,Rodrigo Villagra,1219,Internacional,20,FirstHalf,BallRecovery,Successful,51.8,43.1,,
193,372676,Rodrigo Villagra,1219,Internacional,20,FirstHalf,Pass,Successful,51.8,43.1,61.2,38.9
194,404828,Johan Carbonero,1219,Internacional,20,FirstHalf,Pass,Successful,61.2,38.9,51.7,38.9
195,372676,Rodrigo Villagra,1219,Internacional,20,FirstHalf,Pass,Successful,52.3,38.6,56,47
196,404828,Johan Carbonero,1219,Internacional,20,FirstHalf,Pass,Successful,56.8,36.7,57,5.5
197,373666,Vitinho,1219,Internacional,20,FirstHalf,Pass,Successful,55.8,9.4,38.4,18.6
198,417722,Félix Torres,1219,Internacional,20,FirstHalf,Pass,Successful,38.6,18.9,40.6,34.9
199,372676,Rodrigo Villagra,1219,Internacional,20,FirstHalf,Pass,Successful,43.3,35.7,52.2,43.4
200,383128,Bruno Gomes,1219,Internacional,20,FirstHalf,Pass,Successful,52.2,43.4,38.1,35.1
201,372676,Rodrigo Villagra,1219,Internacional,21,FirstHalf,Pass,Successful,40.2,33.3,40.2,14.1
202,417722,Félix Torres,1219,Internacional,21,FirstHalf,Pass,Successful,41.7,14.3,43.4,36
203,383128,Bruno Gomes,1219,Internacional,21,FirstHalf,Pass,Successful,41.8,36.9,29.4,56.3
204,121417,Guillermo Maripán,1219,Internacional,21,FirstHalf,Pass,Successful,32.6,57.9,33.2,91.5
205,285541,Juninho,1219,Internacional,21,FirstHalf,Pass,Unsuccessful,33.2,91.5,89,69.7
191,101675,Santos,1243,Athletico Paranaense,21,FirstHalf,KeeperPickup,Successful,10.2,30.7,,
192,101675,Santos,1243,Athletico Paranaense,21,FirstHalf,Pass,Successful,10.2,30.7,19.5,69.6
193,404979,Lucas Esquivel,1243,Athletico Paranaense,21,FirstHalf,Pass,Successful,24,69.1,35.2,59.4
194,43369,Luiz Gustavo,1243,Athletico Paranaense,21,FirstHalf,Pass,Successful,33.8,68.5,39.7,96.2
195,605467,Claudinho,1243,Athletico Paranaense,21,FirstHalf,Pass,Successful,42,94.7,29.9,73.9
196,404979,Lucas Esquivel,1243,Athletico Paranaense,21,FirstHalf,Pass,Successful,29.7,74.5,27.6,41.5
197,477736,Juan Aguirre,1243,Athletico Paranaense,21,FirstHalf,Pass,Successful,30.1,37.3,35.8,19.1
198,404383,Carlos Terán,1243,Athletico Paranaense,21,FirstHalf,Pass,Successful,35.8,19.4,31.1,34.5
199,477736,Juan Aguirre,1243,Athletico Paranaense,21,FirstHalf,Pass,Successful,31.9,41.8,41.7,63
200,43369,Luiz Gustavo,1243,Athletico Paranaense,21,FirstHalf,Pass,Successful,41.7,63,59.8,79.6
201,279539,Steven Mendoza,1243,Athletico Paranaense,21,FirstHalf,Pass,Successful,60.2,82,70.9,94.4
203,605467,Claudinho,1243,Athletico Paranaense,21,FirstHalf,Pass,Unsuccessful,78,79.7,85.9,57.9
208,121417,Guillermo Maripán,1219,Internacional,21,FirstHalf,Interception,Successful,16.4,37.9,,
204,605467,Claudinho,1243,Athletico Paranaense,21,FirstHalf,Pass,Unsuccessful,78.5,60.5,80.9,34.3
209,399546,Matheus Bahia,1219,Internacional,21,FirstHalf,Clearance,Successful,19.9,63.3,54.7,95.1
205,404383,Carlos Terán,1243,Athletico Paranaense,22,FirstHalf,Pass,Successful,45.3,3.7,13.6,26.7
206,101675,Santos,1243,Athletico Paranaense,22,FirstHalf,Pass,Successful,13.6,26.5,30.6,45.8
207,477736,Juan Aguirre,1243,Athletico Paranaense,22,FirstHalf,Pass,Successful,32.5,43.7,45.5,50.7
208,43369,Luiz Gustavo,1243,Athletico Paranaense,22,FirstHalf,Pass,Successful,46.4,51.5,87.5,4.3
209,604318,Leozinho,1243,Athletico Paranaense,22,FirstHalf,Pass,Successful,94.3,8.9,90.6,62.3
210,605467,Claudinho,1243,Athletico Paranaense,22,FirstHalf,Aerial,Successful,92.1,62,,
210,373666,Vitinho,1219,Internacional,22,FirstHalf,Aerial,Unsuccessful,7.9,38,,
211,605467,Claudinho,1243,Athletico Paranaense,22,FirstHalf,SavedShot,Successful,90.6,62.4,,
211,416920,Anthoni,1219,Internacional,22,FirstHalf,Save,Successful,1.2,50.6,,
212,416920,Anthoni,1219,Internacional,22,FirstHalf,KeeperPickup,Successful,1.2,50.6,,
213,416920,Anthoni,1219,Internacional,22,FirstHalf,Pass,Unsuccessful,9.1,47,64.9,53.4
212,477736,Juan Aguirre,1243,Athletico Paranaense,22,FirstHalf,Pass,Successful,24.6,32.8,35.4,17
213,119542,Gilberto,1243,Athletico Paranaense,22,FirstHalf,BallRecovery,Successful,31.9,20.7,,
214,119542,Gilberto,1243,Athletico Paranaense,22,FirstHalf,Pass,Successful,31.9,20.7,29,68.2
215,404979,Lucas Esquivel,1243,Athletico Paranaense,22,FirstHalf,Pass,Successful,28.8,71.1,38.2,75.4
216,605467,Claudinho,1243,Athletico Paranaense,22,FirstHalf,Pass,Successful,41.3,66.6,60.9,24.1
217,119542,Gilberto,1243,Athletico Paranaense,22,FirstHalf,Pass,Successful,68.3,24.3,77.9,9.4
218,604318,Leozinho,1243,Athletico Paranaense,23,FirstHalf,MissedShots,Successful,81.3,34.9,,
215,416920,Anthoni,1219,Internacional,23,FirstHalf,Pass,Successful,3.4,44.9,24.2,22.5
216,121417,Guillermo Maripán,1219,Internacional,23,FirstHalf,Pass,Successful,24.2,22.5,24,49.4
217,372676,Rodrigo Villagra,1219,Internacional,23,FirstHalf,Pass,Successful,22.5,44.3,60.8,21.2
218,404828,Johan Carbonero,1219,Internacional,23,FirstHalf,Pass,Successful,44.1,17.1,35.4,7
219,417722,Félix Torres,1219,Internacional,23,FirstHalf,Pass,Unsuccessful,35.4,7,58.7,32.5
220,477736,Juan Aguirre,1243,Athletico Paranaense,23,FirstHalf,Pass,Successful,34.4,66.6,43.1,81.8
221,404979,Lucas Esquivel,1243,Athletico Paranaense,23,FirstHalf,BallRecovery,Successful,43.1,82,,
222,404979,Lucas Esquivel,1243,Athletico Paranaense,23,FirstHalf,Pass,Successful,43.1,82,5.4,52.8
223,101675,Santos,1243,Athletico Paranaense,24,FirstHalf,Pass,Successful,4.6,49.7,8.4,80.2
224,477736,Juan Aguirre,1243,Athletico Paranaense,24,FirstHalf,Pass,Successful,8.4,80.2,19.2,96.9
225,605467,Claudinho,1243,Athletico Paranaense,24,FirstHalf,Pass,Unsuccessful,19.5,97.2,23.2,96.3
220,373666,Vitinho,1219,Internacional,24,FirstHalf,BlockedPass,Successful,80.1,5.3,,
228,101675,Santos,1243,Athletico Paranaense,24,FirstHalf,Pass,Unsuccessful,4.9,51.8,69.5,54.5
222,121417,Guillermo Maripán,1219,Internacional,24,FirstHalf,Interception,Successful,28.1,41.3,,
223,373666,Vitinho,1219,Internacional,24,FirstHalf,BallRecovery,Successful,32.8,24,,
224,373666,Vitinho,1219,Internacional,24,FirstHalf,Pass,Successful,35,21.9,27.1,11.7
225,417722,Félix Torres,1219,Internacional,24,FirstHalf,Pass,Successful,27.1,11.7,34.4,31.9
226,372676,Rodrigo Villagra,1219,Internacional,24,FirstHalf,Pass,Successful,40.6,29.8,52.9,8
227,373666,Vitinho,1219,Internacional,24,FirstHalf,Pass,Successful,53,8.6,36.7,17.9
228,417722,Félix Torres,1219,Internacional,24,FirstHalf,Pass,Successful,36.8,17.9,26.3,60.8
229,121417,Guillermo Maripán,1219,Internacional,24,FirstHalf,Pass,Successful,26.3,60.8,32.3,77.8
230,285541,Juninho,1219,Internacional,24,FirstHalf,Pass,Successful,32.3,77.8,40.1,95.1
231,399546,Matheus Bahia,1219,Internacional,24,FirstHalf,Pass,Successful,39.5,93.6,79.7,85.1
232,386203,Alexandro Bernabéi,1219,Internacional,25,FirstHalf,BallTouch,Unsuccessful,88.2,70.3,,
233,386203,Alexandro Bernabéi,1219,Internacional,25,FirstHalf,SavedShot,Successful,97,62.2,,
230,101675,Santos,1243,Athletico Paranaense,25,FirstHalf,Save,Successful,2.4,39.3,,
229,404383,Carlos Terán,1243,Athletico Paranaense,25,FirstHalf,BallTouch,Unsuccessful,8.6,32.1,,
231,114096,Jádson,1243,Athletico Paranaense,25,FirstHalf,BallRecovery,Successful,13.5,7.3,,
232,114096,Jádson,1243,Athletico Paranaense,25,FirstHalf,Pass,Successful,13.5,7.3,33.8,17.3
233,604318,Leozinho,1243,Athletico Paranaense,25,FirstHalf,Pass,Successful,33.8,17.3,34.6,37.6
234,43369,Luiz Gustavo,1243,Athletico Paranaense,25,FirstHalf,Pass,Successful,39.9,52.1,64,92.6
235,279539,Steven Mendoza,1243,Athletico Paranaense,25,FirstHalf,Pass,Successful,80.2,79.6,92.5,81.7
236,605467,Claudinho,1243,Athletico Paranaense,25,FirstHalf,Pass,Unsuccessful,91.8,84.8,92.8,79.9
234,417722,Félix Torres,1219,Internacional,25,FirstHalf,BallTouch,Successful,5.1,18.9,,
237,605467,Claudinho,1243,Athletico Paranaense,25,FirstHalf,CornerAwarded,Successful,94,80.6,,
235,417722,Félix Torres,1219,Internacional,25,FirstHalf,CornerAwarded,Unsuccessful,5.9,19.4,,
238,404979,Lucas Esquivel,1243,Athletico Paranaense,26,FirstHalf,Pass,Unsuccessful,99.5,99.5,91.9,55.7
236,121417,Guillermo Maripán,1219,Internacional,26,FirstHalf,Clearance,Successful,12.9,41.5,14.6,50.1
277,372676,Rodrigo Villagra,1219,Internacional,26,FirstHalf,Clearance,Successful,9.1,47.5,13.5,44.9
239,477736,Juan Aguirre,1243,Athletico Paranaense,26,FirstHalf,BallTouch,Successful,91.6,50.7,,
237,121417,Guillermo Maripán,1219,Internacional,26,FirstHalf,BallRecovery,Successful,26.5,40.7,,
238,121417,Guillermo Maripán,1219,Internacional,26,FirstHalf,Dispossessed,Successful,26.1,42,,
240,605467,Claudinho,1243,Athletico Paranaense,26,FirstHalf,Tackle,Unsuccessful,73.9,58,,
278,121417,Guillermo Maripán,1219,Internacional,26,FirstHalf,BallTouch,Successful,22.9,45.8,,
239,,,1219,Internacional,26,FirstHalf,Foul,Successful,28.2,42,,
241,605467,Claudinho,1243,Athletico Paranaense,26,FirstHalf,Foul,Unsuccessful,71.8,58,,
240,121417,Guillermo Maripán,1219,Internacional,26,FirstHalf,Pass,Successful,25.3,34.8,27.6,13.4
241,417722,Félix Torres,1219,Internacional,26,FirstHalf,Pass,Successful,27.6,13.4,8.4,49.9
242,416920,Anthoni,1219,Internacional,26,FirstHalf,Pass,Unsuccessful,8.4,48.4,55.3,47.9
242,477736,Juan Aguirre,1243,Athletico Paranaense,26,FirstHalf,Pass,Successful,45,51.3,54.6,61.8
243,43369,Luiz Gustavo,1243,Athletico Paranaense,27,FirstHalf,BallRecovery,Successful,54.6,61.8,,
244,43369,Luiz Gustavo,1243,Athletico Paranaense,27,FirstHalf,Pass,Successful,54.6,61.8,52.9,81.1
245,279539,Steven Mendoza,1243,Athletico Paranaense,27,FirstHalf,Pass,Successful,46.1,76.9,37.4,88.7
246,605467,Claudinho,1243,Athletico Paranaense,27,FirstHalf,Pass,Successful,37.6,91.1,61.9,83.3
247,533161,Kevin Viveros,1243,Athletico Paranaense,27,FirstHalf,Pass,Unsuccessful,65,85,57.5,100
244,417722,Félix Torres,1219,Internacional,27,FirstHalf,Pass,Successful,37.8,0,30.6,18.3
245,121417,Guillermo Maripán,1219,Internacional,27,FirstHalf,Pass,Successful,30.6,18.3,27.9,55.8
246,285541,Juninho,1219,Internacional,27,FirstHalf,Pass,Successful,27.9,55.8,28.6,32.7
247,121417,Guillermo Maripán,1219,Internacional,27,FirstHalf,Pass,Unsuccessful,29.6,32.1,88,18.2
249,477736,Juan Aguirre,1243,Athletico Paranaense,27,FirstHalf,Clearance,Successful,8.4,85.9,24.7,94.8
250,404979,Lucas Esquivel,1243,Athletico Paranaense,27,FirstHalf,Pass,Unsuccessful,24.7,94.8,32.4,88.9
248,404828,Johan Carbonero,1219,Internacional,27,FirstHalf,BallTouch,Successful,65.1,17.3,,
251,404979,Lucas Esquivel,1243,Athletico Paranaense,27,FirstHalf,Pass,Unsuccessful,25.9,90.8,45.5,85
249,417722,Félix Torres,1219,Internacional,27,FirstHalf,Pass,Successful,55.2,20,37.8,32.4
250,121417,Guillermo Maripán,1219,Internacional,27,FirstHalf,Pass,Successful,37.8,32.4,36.8,54.8
251,285541,Juninho,1219,Internacional,28,FirstHalf,Pass,Successful,43.3,50.7,39.3,22.7
252,121417,Guillermo Maripán,1219,Internacional,28,FirstHalf,Pass,Unsuccessful,39.8,21.3,89.5,37
252,101675,Santos,1243,Athletico Paranaense,28,FirstHalf,KeeperPickup,Successful,9.3,65.7,,
253,101675,Santos,1243,Athletico Paranaense,28,FirstHalf,Pass,Successful,13,65.2,35.8,14.7
254,119542,Gilberto,1243,Athletico Paranaense,28,FirstHalf,Pass,Successful,66.2,15.3,71.2,4.3
255,604318,Leozinho,1243,Athletico Paranaense,28,FirstHalf,Pass,Successful,71.2,4.3,92.5,9.4
256,119542,Gilberto,1243,Athletico Paranaense,28,FirstHalf,TakeOn,Unsuccessful,93.2,11.6,,
257,372676,Rodrigo Villagra,1219,Internacional,28,FirstHalf,Tackle,Successful,6.8,88.4,,
253,372676,Rodrigo Villagra,1219,Internacional,28,FirstHalf,BallRecovery,Successful,8.6,90.6,,
254,372676,Rodrigo Villagra,1219,Internacional,28,FirstHalf,BallTouch,Unsuccessful,26.5,91.4,,
257,114096,Jádson,1243,Athletico Paranaense,28,FirstHalf,BallRecovery,Successful,45.1,1.9,,
258,114096,Jádson,1243,Athletico Paranaense,28,FirstHalf,Pass,Successful,44.1,1.9,43.1,12
260,404383,Carlos Terán,1243,Athletico Paranaense,28,FirstHalf,Pass,Successful,55.6,18.9,48.4,30.4
261,43369,Luiz Gustavo,1243,Athletico Paranaense,28,FirstHalf,Pass,Successful,48.4,30.4,60.4,11.1
262,114096,Jádson,1243,Athletico Paranaense,28,FirstHalf,Pass,Successful,60.4,11.1,64.2,6.4
263,604318,Leozinho,1243,Athletico Paranaense,28,FirstHalf,Pass,Successful,64.2,6.4,59.8,14.1
264,119542,Gilberto,1243,Athletico Paranaense,28,FirstHalf,Pass,Successful,59.8,14.1,69.7,4.4
265,114096,Jádson,1243,Athletico Paranaense,28,FirstHalf,Pass,Successful,67.6,6.1,61.8,16.1
266,119542,Gilberto,1243,Athletico Paranaense,29,FirstHalf,Pass,Successful,61.7,16.2,72.4,26.8
405,43369,Luiz Gustavo,1243,Athletico Paranaense,29,FirstHalf,Pass,Successful,73.5,24.4,79.2,4.3
267,604318,Leozinho,1243,Athletico Paranaense,29,FirstHalf,Pass,Unsuccessful,74.4,11.6,100,61.7
258,416920,Anthoni,1219,Internacional,29,FirstHalf,Pass,Successful,2.5,46.9,57.9,32.2
259,417722,Félix Torres,1219,Internacional,29,FirstHalf,Aerial,Successful,55.8,31,,
269,279539,Steven Mendoza,1243,Athletico Paranaense,29,FirstHalf,Aerial,Unsuccessful,44.2,69,,
260,417722,Félix Torres,1219,Internacional,29,FirstHalf,Pass,Successful,57.9,32.2,63,45.2
261,355714,Alerrandro,1219,Internacional,29,FirstHalf,Pass,Unsuccessful,63,45.2,89.7,69
270,477736,Juan Aguirre,1243,Athletico Paranaense,29,FirstHalf,BallRecovery,Successful,43.7,46.9,,
271,477736,Juan Aguirre,1243,Athletico Paranaense,29,FirstHalf,Pass,Successful,30.4,57.6,15.6,33.1
272,101675,Santos,1243,Athletico Paranaense,29,FirstHalf,Pass,Successful,15.6,33.1,33.9,10
273,119542,Gilberto,1243,Athletico Paranaense,29,FirstHalf,Pass,Successful,59.2,7.3,53.4,36.4
274,43369,Luiz Gustavo,1243,Athletico Paranaense,29,FirstHalf,Pass,Successful,53.4,36.4,39.2,24.1
275,404383,Carlos Terán,1243,Athletico Paranaense,30,FirstHalf,Pass,Successful,39.2,24.1,42.5,19.7
276,114096,Jádson,1243,Athletico Paranaense,30,FirstHalf,Pass,Successful,41.6,21.5,36.5,50.6
277,477736,Juan Aguirre,1243,Athletico Paranaense,30,FirstHalf,Pass,Successful,38.6,57.9,43,79.6
278,404979,Lucas Esquivel,1243,Athletico Paranaense,30,FirstHalf,Pass,Unsuccessful,49.2,75.7,100,1.9
263,416920,Anthoni,1219,Internacional,30,FirstHalf,Pass,Successful,1.1,47.2,53.4,50.4
264,355714,Alerrandro,1219,Internacional,30,FirstHalf,Pass,Successful,53.4,50.4,54.9,65.5
265,383128,Bruno Gomes,1219,Internacional,30,FirstHalf,Dispossessed,Successful,55.6,66.4,,
280,114096,Jádson,1243,Athletico Paranaense,30,FirstHalf,Tackle,Successful,44.4,33.6,,
281,404383,Carlos Terán,1243,Athletico Paranaense,30,FirstHalf,Pass,Successful,36.2,33.7,33.2,45.1
282,477736,Juan Aguirre,1243,Athletico Paranaense,30,FirstHalf,BallRecovery,Successful,33.2,45.1,,
283,477736,Juan Aguirre,1243,Athletico Paranaense,30,FirstHalf,Pass,Successful,33.2,45.1,6.4,49
284,101675,Santos,1243,Athletico Paranaense,30,FirstHalf,Pass,Successful,8,48.8,55.3,51.3
285,533161,Kevin Viveros,1243,Athletico Paranaense,30,FirstHalf,BallTouch,Unsuccessful,55.3,51.3,,
266,383128,Bruno Gomes,1219,Internacional,30,FirstHalf,BallRecovery,Successful,55.9,45.1,,
267,383128,Bruno Gomes,1219,Internacional,30,FirstHalf,Pass,Successful,56.2,43.7,53.3,55.1
268,372676,Rodrigo Villagra,1219,Internacional,30,FirstHalf,Pass,Successful,53.3,55.1,41.6,62.9
269,285541,Juninho,1219,Internacional,31,FirstHalf,Pass,Successful,41.6,62.9,40.4,46.6
270,121417,Guillermo Maripán,1219,Internacional,31,FirstHalf,Pass,Successful,39.9,40.4,37.7,70.2
271,285541,Juninho,1219,Internacional,31,FirstHalf,Pass,Successful,38.2,69,45.4,67.6
272,372676,Rodrigo Villagra,1219,Internacional,31,FirstHalf,Pass,Successful,39,51.2,37.2,18.8
273,417722,Félix Torres,1219,Internacional,31,FirstHalf,Pass,Successful,37.3,18.2,68,16.8
274,404828,Johan Carbonero,1219,Internacional,31,FirstHalf,Dispossessed,Successful,55.4,26.6,,
286,404979,Lucas Esquivel,1243,Athletico Paranaense,31,FirstHalf,Tackle,Unsuccessful,44.6,73.4,,
275,285541,Juninho,1219,Internacional,31,FirstHalf,Pass,Unsuccessful,39.4,55.7,100,22.5
288,101675,Santos,1243,Athletico Paranaense,31,FirstHalf,Pass,Successful,3.5,51.5,23.8,92.9
289,404979,Lucas Esquivel,1243,Athletico Paranaense,31,FirstHalf,Pass,Successful,22,89.1,33,94.5
290,605467,Claudinho,1243,Athletico Paranaense,31,FirstHalf,Pass,Successful,32.6,91.4,30.5,71.8
291,43369,Luiz Gustavo,1243,Athletico Paranaense,31,FirstHalf,Pass,Successful,33.7,74.8,28,53.4
292,477736,Juan Aguirre,1243,Athletico Paranaense,31,FirstHalf,Pass,Successful,29.4,51.2,41.8,24.1
293,404383,Carlos Terán,1243,Athletico Paranaense,31,FirstHalf,Pass,Successful,41.8,24.1,33.5,37.1
294,477736,Juan Aguirre,1243,Athletico Paranaense,31,FirstHalf,Pass,Successful,32.1,35.1,37.5,22.4
295,404383,Carlos Terán,1243,Athletico Paranaense,31,FirstHalf,Pass,Successful,33.8,24.9,44.5,30
296,114096,Jádson,1243,Athletico Paranaense,31,FirstHalf,Pass,Successful,44.5,30,55.6,8.2
297,119542,Gilberto,1243,Athletico Paranaense,31,FirstHalf,Pass,Successful,55.6,8.2,36.5,43.7
298,477736,Juan Aguirre,1243,Athletico Paranaense,31,FirstHalf,Pass,Successful,39.6,47.3,38.4,77.2
299,404979,Lucas Esquivel,1243,Athletico Paranaense,32,FirstHalf,Pass,Successful,38.4,77.8,61.3,93.8
300,605467,Claudinho,1243,Athletico Paranaense,32,FirstHalf,Pass,Successful,69.9,94.5,77.3,70.8
301,43369,Luiz Gustavo,1243,Athletico Paranaense,32,FirstHalf,Pass,Successful,77.3,70.8,82.8,66.3
302,533161,Kevin Viveros,1243,Athletico Paranaense,32,FirstHalf,Pass,Successful,82.8,66.3,80,67.6
303,43369,Luiz Gustavo,1243,Athletico Paranaense,32,FirstHalf,BallTouch,Unsuccessful,80,67.6,,
279,416920,Anthoni,1219,Internacional,32,FirstHalf,KeeperPickup,Successful,5.9,34.2,,
280,416920,Anthoni,1219,Internacional,32,FirstHalf,Pass,Successful,9.4,35.8,16.9,9.2
281,121417,Guillermo Maripán,1219,Internacional,32,FirstHalf,Pass,Successful,17.2,8.6,3.4,35.5
282,416920,Anthoni,1219,Internacional,32,FirstHalf,Pass,Successful,10.5,33.8,36.9,15.6
283,121417,Guillermo Maripán,1219,Internacional,32,FirstHalf,Pass,Successful,36.7,15.6,38.1,8.2
284,417722,Félix Torres,1219,Internacional,32,FirstHalf,Pass,Unsuccessful,38.1,8.2,57.9,0
305,404979,Lucas Esquivel,1243,Athletico Paranaense,32,FirstHalf,Pass,Successful,38.6,100,57.2,89.4
306,279539,Steven Mendoza,1243,Athletico Paranaense,32,FirstHalf,TakeOn,Unsuccessful,59.2,88.8,,
286,417722,Félix Torres,1219,Internacional,32,FirstHalf,Tackle,Successful,40.8,11.2,,
287,417722,Félix Torres,1219,Internacional,33,FirstHalf,BallRecovery,Successful,37.4,8.3,,
288,417722,Félix Torres,1219,Internacional,33,FirstHalf,Pass,Unsuccessful,49.7,3.7,53,4.4
307,605467,Claudinho,1243,Athletico Paranaense,33,FirstHalf,BlockedPass,Successful,44.1,96.6,,
289,373666,Vitinho,1219,Internacional,33,FirstHalf,BallTouch,Unsuccessful,42.8,5.2,,
308,279539,Steven Mendoza,1243,Athletico Paranaense,33,FirstHalf,Pass,Unsuccessful,53.3,96.5,72.4,66.9
290,285541,Juninho,1219,Internacional,33,FirstHalf,Pass,Successful,24.9,23.9,10,33.1
291,416920,Anthoni,1219,Internacional,33,FirstHalf,KeeperPickup,Successful,12.7,38.2,,
292,416920,Anthoni,1219,Internacional,33,FirstHalf,Pass,Unsuccessful,12.7,38.2,57,74.4
309,477736,Juan Aguirre,1243,Athletico Paranaense,33,FirstHalf,Aerial,Successful,42.1,26.1,,
293,355714,Alerrandro,1219,Internacional,33,FirstHalf,Aerial,Unsuccessful,57.9,73.9,,
310,477736,Juan Aguirre,1243,Athletico Paranaense,33,FirstHalf,Pass,Successful,40.5,26.8,64.9,7.6
311,604318,Leozinho,1243,Athletico Paranaense,33,FirstHalf,BallRecovery,Successful,64.8,6.4,,
312,604318,Leozinho,1243,Athletico Paranaense,33,FirstHalf,Pass,Successful,60.4,2.8,56.2,21.5
313,114096,Jádson,1243,Athletico Paranaense,33,FirstHalf,Pass,Successful,57.1,23.6,60.5,35.1
314,43369,Luiz Gustavo,1243,Athletico Paranaense,33,FirstHalf,Pass,Successful,61.2,33.3,70.7,7.9
315,604318,Leozinho,1243,Athletico Paranaense,33,FirstHalf,Pass,Successful,69.1,11.1,92.7,51.8
316,533161,Kevin Viveros,1243,Athletico Paranaense,33,FirstHalf,MissedShots,Successful,92.7,51.8,,
295,416920,Anthoni,1219,Internacional,34,FirstHalf,Pass,Successful,3.6,48.5,63.1,43.9
296,404828,Johan Carbonero,1219,Internacional,34,FirstHalf,Pass,Successful,63.1,43.9,67.7,34.3
297,355714,Alerrandro,1219,Internacional,34,FirstHalf,Pass,Successful,67.7,34.3,87.5,7.4
298,373666,Vitinho,1219,Internacional,34,FirstHalf,TakeOn,Successful,87.6,14.7,,
318,605467,Claudinho,1243,Athletico Paranaense,34,FirstHalf,Challenge,Unsuccessful,12.4,85.4,,
299,373666,Vitinho,1219,Internacional,34,FirstHalf,TakeOn,Unsuccessful,94,13.8,,
319,404979,Lucas Esquivel,1243,Athletico Paranaense,34,FirstHalf,Tackle,Successful,6,86.2,,
320,404979,Lucas Esquivel,1243,Athletico Paranaense,34,FirstHalf,CornerAwarded,Unsuccessful,6,85,,
300,373666,Vitinho,1219,Internacional,34,FirstHalf,CornerAwarded,Successful,94,15,,
301,404828,Johan Carbonero,1219,Internacional,35,FirstHalf,Pass,Successful,99.5,0.5,88.6,29.2
302,399546,Matheus Bahia,1219,Internacional,35,FirstHalf,Aerial,Successful,91.4,31.3,,
321,119542,Gilberto,1243,Athletico Paranaense,35,FirstHalf,Aerial,Unsuccessful,8.6,68.7,,
303,399546,Matheus Bahia,1219,Internacional,35,FirstHalf,Pass,Unsuccessful,88.6,29.2,88.4,38
322,43369,Luiz Gustavo,1243,Athletico Paranaense,35,FirstHalf,Clearance,Successful,7,47.3,20.3,66.6
304,383128,Bruno Gomes,1219,Internacional,35,FirstHalf,Pass,Successful,75.9,22.4,82.5,7.1
305,404828,Johan Carbonero,1219,Internacional,35,FirstHalf,Pass,Unsuccessful,75.4,11.1,86.7,36.6
323,533161,Kevin Viveros,1243,Athletico Paranaense,35,FirstHalf,Clearance,Successful,7.5,64.3,20.8,100
307,417722,Félix Torres,1219,Internacional,35,FirstHalf,Pass,Unsuccessful,87.5,0,88.4,38.5
308,383128,Bruno Gomes,1219,Internacional,35,FirstHalf,MissedShots,Successful,77.7,39.4,,
326,477736,Juan Aguirre,1243,Athletico Paranaense,35,FirstHalf,Clearance,Successful,10,63.4,29.2,69.3
309,399546,Matheus Bahia,1219,Internacional,36,FirstHalf,Pass,Successful,67,94.7,65.3,82.3
310,386203,Alexandro Bernabéi,1219,Internacional,36,FirstHalf,Pass,Successful,66.6,74.4,77.6,51
311,373666,Vitinho,1219,Internacional,36,FirstHalf,BallTouch,Unsuccessful,77.6,51,,
328,101675,Santos,1243,Athletico Paranaense,36,FirstHalf,KeeperPickup,Successful,7.6,50.3,,
329,101675,Santos,1243,Athletico Paranaense,36,FirstHalf,Pass,Unsuccessful,12.9,52.1,56.8,67.6
312,417722,Félix Torres,1219,Internacional,36,FirstHalf,Interception,Successful,34.9,41.6,,
313,121417,Guillermo Maripán,1219,Internacional,36,FirstHalf,BallRecovery,Successful,43.8,48.1,,
314,121417,Guillermo Maripán,1219,Internacional,36,FirstHalf,Pass,Successful,51.7,46.6,45,35.5
315,383128,Bruno Gomes,1219,Internacional,36,FirstHalf,Pass,Successful,56.5,28.8,57.9,12
316,373666,Vitinho,1219,Internacional,36,FirstHalf,Pass,Successful,57.8,10.9,39.6,19.8
317,417722,Félix Torres,1219,Internacional,36,FirstHalf,Pass,Successful,41.1,20.3,35.4,38.2
318,372676,Rodrigo Villagra,1219,Internacional,36,FirstHalf,Pass,Successful,39,36.7,37.8,69.3
319,285541,Juninho,1219,Internacional,36,FirstHalf,Pass,Successful,37.5,66.3,30.6,12.5
320,417722,Félix Torres,1219,Internacional,36,FirstHalf,Pass,Successful,30.4,11.4,40.1,7
321,373666,Vitinho,1219,Internacional,36,FirstHalf,Pass,Successful,40.1,7,38.4,16.4
322,372676,Rodrigo Villagra,1219,Internacional,36,FirstHalf,Pass,Unsuccessful,38.4,16.4,39.9,15.3
330,43369,Luiz Gustavo,1243,Athletico Paranaense,36,FirstHalf,BlockedPass,Successful,63.1,69.7,,
323,373666,Vitinho,1219,Internacional,36,FirstHalf,BallTouch,Unsuccessful,33.4,12,,
331,605467,Claudinho,1243,Athletico Paranaense,36,FirstHalf,BallRecovery,Successful,56.8,84.7,,
332,605467,Claudinho,1243,Athletico Paranaense,36,FirstHalf,Pass,Successful,56.8,84.7,66.6,92.7
333,43369,Luiz Gustavo,1243,Athletico Paranaense,36,FirstHalf,TakeOn,Unsuccessful,69,92.9,,
324,417722,Félix Torres,1219,Internacional,36,FirstHalf,Tackle,Successful,31,7.1,,
325,417722,Félix Torres,1219,Internacional,36,FirstHalf,Pass,Unsuccessful,27.1,7.1,47.9,10.1
334,404979,Lucas Esquivel,1243,Athletico Paranaense,36,FirstHalf,Pass,Unsuccessful,44.2,86.8,33.6,62.1
327,386203,Alexandro Bernabéi,1219,Internacional,36,FirstHalf,BallRecovery,Successful,76.5,21.6,,
328,386203,Alexandro Bernabéi,1219,Internacional,36,FirstHalf,TakeOn,Successful,87,26.3,,
338,404383,Carlos Terán,1243,Athletico Paranaense,36,FirstHalf,Challenge,Unsuccessful,13,73.7,,
329,386203,Alexandro Bernabéi,1219,Internacional,37,FirstHalf,TakeOn,Unsuccessful,86.4,28.1,,
335,404979,Lucas Esquivel,1243,Athletico Paranaense,37,FirstHalf,Tackle,Successful,13.6,71.9,,
336,477736,Juan Aguirre,1243,Athletico Paranaense,37,FirstHalf,Clearance,Successful,8.1,64.4,7.5,100
331,373666,Vitinho,1219,Internacional,37,FirstHalf,Pass,Successful,91.2,0,93.2,13.1
332,404828,Johan Carbonero,1219,Internacional,37,FirstHalf,BallTouch,Unsuccessful,92.8,11.9,,
339,605467,Claudinho,1243,Athletico Paranaense,37,FirstHalf,Clearance,Successful,21.4,96,23.2,100
334,373666,Vitinho,1219,Internacional,37,FirstHalf,Pass,Successful,88,0,45,18.8
335,121417,Guillermo Maripán,1219,Internacional,37,FirstHalf,Pass,Successful,45,18.8,45,63.3
336,285541,Juninho,1219,Internacional,37,FirstHalf,Pass,Successful,45,63.3,55.5,93.9
337,399546,Matheus Bahia,1219,Internacional,37,FirstHalf,Pass,Successful,55.7,93.8,40,76.9
338,285541,Juninho,1219,Internacional,37,FirstHalf,Pass,Successful,40.1,74.8,32.6,55.2
339,121417,Guillermo Maripán,1219,Internacional,37,FirstHalf,Pass,Unsuccessful,33.8,56.1,61.1,59.3
341,477736,Juan Aguirre,1243,Athletico Paranaense,37,FirstHalf,Aerial,Successful,37.4,41,,
340,355714,Alerrandro,1219,Internacional,37,FirstHalf,Aerial,Unsuccessful,62.6,59,,
342,477736,Juan Aguirre,1243,Athletico Paranaense,38,FirstHalf,Pass,Successful,34.6,41.8,51.3,36.6
343,604318,Leozinho,1243,Athletico Paranaense,38,FirstHalf,Aerial,Successful,52.7,38,,
341,372676,Rodrigo Villagra,1219,Internacional,38,FirstHalf,Aerial,Unsuccessful,47.3,62,,
404,604318,Leozinho,1243,Athletico Paranaense,38,FirstHalf,BallTouch,Successful,53.7,36,,
344,119542,Gilberto,1243,Athletico Paranaense,38,FirstHalf,Pass,Successful,44,24.6,54.1,13.7
345,114096,Jádson,1243,Athletico Paranaense,38,FirstHalf,BallRecovery,Successful,56.7,11.1,,
346,114096,Jádson,1243,Athletico Paranaense,38,FirstHalf,Pass,Successful,56.7,11.1,72.9,13.8
347,604318,Leozinho,1243,Athletico Paranaense,38,FirstHalf,Pass,Successful,72.9,13.8,61.8,5.2
348,114096,Jádson,1243,Athletico Paranaense,38,FirstHalf,Pass,Successful,69.4,9.7,73.7,2.9
349,604318,Leozinho,1243,Athletico Paranaense,38,FirstHalf,Pass,Successful,73.5,3.2,65.9,22.5
350,119542,Gilberto,1243,Athletico Paranaense,38,FirstHalf,Pass,Successful,65.4,23,75.3,5
351,114096,Jádson,1243,Athletico Paranaense,38,FirstHalf,Pass,Successful,76.3,9.8,72.6,19.5
352,604318,Leozinho,1243,Athletico Paranaense,38,FirstHalf,Pass,Unsuccessful,72.2,16.2,92.3,50.3
404,285541,Juninho,1219,Internacional,38,FirstHalf,Interception,Successful,12.7,57.5,,
344,416920,Anthoni,1219,Internacional,38,FirstHalf,KeeperPickup,Successful,6.7,45.4,,
345,416920,Anthoni,1219,Internacional,38,FirstHalf,Pass,Successful,13.1,48.7,20.6,72.7
346,285541,Juninho,1219,Internacional,38,FirstHalf,Pass,Successful,20.6,72.7,25.5,87.7
347,399546,Matheus Bahia,1219,Internacional,38,FirstHalf,Pass,Successful,26.2,86.6,17.5,74.1
348,285541,Juninho,1219,Internacional,38,FirstHalf,Pass,Successful,19,71.5,14.2,26.1
349,121417,Guillermo Maripán,1219,Internacional,38,FirstHalf,Pass,Unsuccessful,22.1,20.1,65.7,33.7
353,404979,Lucas Esquivel,1243,Athletico Paranaense,38,FirstHalf,Clearance,Successful,28.7,68.4,42.5,67
350,355714,Alerrandro,1219,Internacional,38,FirstHalf,Pass,Successful,55,31.9,64.4,16.5
351,404828,Johan Carbonero,1219,Internacional,38,FirstHalf,Dispossessed,Successful,68.4,11.8,,
354,404979,Lucas Esquivel,1243,Athletico Paranaense,38,FirstHalf,Tackle,Successful,31.6,88.2,,
355,605467,Claudinho,1243,Athletico Paranaense,38,FirstHalf,BallRecovery,Successful,41.4,94.4,,
356,605467,Claudinho,1243,Athletico Paranaense,38,FirstHalf,Pass,Successful,34.7,93.9,52.3,71.2
357,533161,Kevin Viveros,1243,Athletico Paranaense,39,FirstHalf,Dispossessed,Successful,44.2,67.7,,
352,372676,Rodrigo Villagra,1219,Internacional,39,FirstHalf,Tackle,Successful,55.8,32.3,,
353,383128,Bruno Gomes,1219,Internacional,39,FirstHalf,BallRecovery,Successful,54.1,42.4,,
354,383128,Bruno Gomes,1219,Internacional,39,FirstHalf,Pass,Successful,54.1,49.4,60.7,88.3
355,399546,Matheus Bahia,1219,Internacional,39,FirstHalf,Pass,Successful,60.9,88.7,61.2,82.9
356,386203,Alexandro Bernabéi,1219,Internacional,39,FirstHalf,Pass,Successful,61.2,82.9,60.5,92.6
357,399546,Matheus Bahia,1219,Internacional,39,FirstHalf,Foul,Successful,65.4,94.5,,
358,604318,Leozinho,1243,Athletico Paranaense,39,FirstHalf,Foul,Unsuccessful,34.6,5.5,,
358,386203,Alexandro Bernabéi,1219,Internacional,39,FirstHalf,Pass,Successful,65.3,90.8,89.4,44.5
359,417722,Félix Torres,1219,Internacional,40,FirstHalf,MissedShots,Successful,89.4,44.5,,
360,114096,Jádson,1243,Athletico Paranaense,40,FirstHalf,BallTouch,Unsuccessful,12,2.3,,
360,285541,Juninho,1219,Internacional,40,FirstHalf,Pass,Unsuccessful,94.7,72.7,90.9,82.7
362,386203,Alexandro Bernabéi,1219,Internacional,40,FirstHalf,Pass,Unsuccessful,85.6,100,92.2,62.6
362,477736,Juan Aguirre,1243,Athletico Paranaense,40,FirstHalf,Clearance,Successful,7.2,45.2,3.6,0
364,386203,Alexandro Bernabéi,1219,Internacional,40,FirstHalf,Pass,Unsuccessful,88.2,100,89.6,62.7
364,43369,Luiz Gustavo,1243,Athletico Paranaense,40,FirstHalf,Aerial,Successful,9.8,39,,
365,121417,Guillermo Maripán,1219,Internacional,40,FirstHalf,Aerial,Unsuccessful,90.2,61,,
365,43369,Luiz Gustavo,1243,Athletico Paranaense,40,FirstHalf,Clearance,Successful,9.3,41.8,30.5,42.1
366,285541,Juninho,1219,Internacional,40,FirstHalf,Pass,Unsuccessful,68.2,66.1,76.3,47.3
366,279539,Steven Mendoza,1243,Athletico Paranaense,40,FirstHalf,BallTouch,Unsuccessful,22.2,55.2,,
367,383128,Bruno Gomes,1219,Internacional,40,FirstHalf,MissedShots,Successful,77,55.4,,
368,101675,Santos,1243,Athletico Paranaense,41,FirstHalf,Pass,Unsuccessful,4.2,52.2,65.6,48.8
369,372676,Rodrigo Villagra,1219,Internacional,41,FirstHalf,BallRecovery,Successful,28.6,37.4,,
370,372676,Rodrigo Villagra,1219,Internacional,41,FirstHalf,Pass,Successful,35,29.5,36.3,7.9
371,373666,Vitinho,1219,Internacional,41,FirstHalf,Pass,Successful,36.3,7.9,38.5,19.7
372,383128,Bruno Gomes,1219,Internacional,41,FirstHalf,Pass,Unsuccessful,38,19,57.3,0
370,605467,Claudinho,1243,Athletico Paranaense,41,FirstHalf,Pass,Successful,32.4,100,24.4,81.2
371,404979,Lucas Esquivel,1243,Athletico Paranaense,41,FirstHalf,Pass,Successful,24.4,81.2,22.7,60.2
372,477736,Juan Aguirre,1243,Athletico Paranaense,41,FirstHalf,Pass,Successful,22.7,60.2,5.2,29.1
373,101675,Santos,1243,Athletico Paranaense,41,FirstHalf,Pass,Successful,5.2,29.1,11.2,9.4
374,404383,Carlos Terán,1243,Athletico Paranaense,41,FirstHalf,Pass,Unsuccessful,14.4,9.2,48.1,25.2
375,285541,Juninho,1219,Internacional,42,FirstHalf,BallRecovery,Successful,52.3,74.5,,
376,285541,Juninho,1219,Internacional,42,FirstHalf,Pass,Unsuccessful,52.3,74.5,72.5,70.5
375,477736,Juan Aguirre,1243,Athletico Paranaense,42,FirstHalf,Interception,Successful,25.3,40,,
377,43369,Luiz Gustavo,1243,Athletico Paranaense,42,FirstHalf,BallRecovery,Successful,34.2,38.9,,
376,43369,Luiz Gustavo,1243,Athletico Paranaense,42,FirstHalf,Foul,Successful,33.1,39.2,,
377,383128,Bruno Gomes,1219,Internacional,42,FirstHalf,Foul,Unsuccessful,67,60.8,,
378,477736,Juan Aguirre,1243,Athletico Paranaense,42,FirstHalf,Pass,Successful,28.3,43.4,41.1,90.2
379,605467,Claudinho,1243,Athletico Paranaense,42,FirstHalf,Pass,Successful,59,92.6,51.1,83.8
380,404979,Lucas Esquivel,1243,Athletico Paranaense,42,FirstHalf,Pass,Successful,51.1,83.8,43.8,33.9
381,404383,Carlos Terán,1243,Athletico Paranaense,42,FirstHalf,Pass,Successful,43.8,33.9,46.7,55.4
382,477736,Juan Aguirre,1243,Athletico Paranaense,42,FirstHalf,Pass,Successful,46.7,55.4,48.9,80.3
383,404979,Lucas Esquivel,1243,Athletico Paranaense,42,FirstHalf,Pass,Successful,48.4,81.4,64.8,96.3
384,605467,Claudinho,1243,Athletico Paranaense,42,FirstHalf,Pass,Successful,75.6,97.7,83,59.1
385,279539,Steven Mendoza,1243,Athletico Paranaense,42,FirstHalf,BallTouch,Unsuccessful,83,59.1,,
378,285541,Juninho,1219,Internacional,42,FirstHalf,Clearance,Successful,10.9,31.6,9.2,0
11389,279539,Steven Mendoza,1243,Athletico Paranaense,43,FirstHalf,OffsideGiven,Unsuccessful,91.9,96.5,,
387,605467,Claudinho,1243,Athletico Paranaense,43,FirstHalf,Pass,Successful,84.2,100,90.8,90.9
388,279539,Steven Mendoza,1243,Athletico Paranaense,43,FirstHalf,Pass,Successful,93.3,95.4,85.8,95.9
389,605467,Claudinho,1243,Athletico Paranaense,43,FirstHalf,OffsidePass,Successful,85.8,95.9,91.9,96.5
380,121417,Guillermo Maripán,1219,Internacional,43,FirstHalf,OffsideProvoked,Successful,9,41.9,,
381,416920,Anthoni,1219,Internacional,43,FirstHalf,Pass,Unsuccessful,11.2,6.8,74.6,12.5
391,404979,Lucas Esquivel,1243,Athletico Paranaense,43,FirstHalf,Interception,Successful,26.5,95.3,,
383,373666,Vitinho,1219,Internacional,44,FirstHalf,Pass,Unsuccessful,79.1,0,84.8,13.7
393,477736,Juan Aguirre,1243,Athletico Paranaense,44,FirstHalf,Clearance,Successful,14.7,80.8,58.5,69.6
384,121417,Guillermo Maripán,1219,Internacional,44,FirstHalf,Foul,Successful,47.2,52.2,,
395,533161,Kevin Viveros,1243,Athletico Paranaense,44,FirstHalf,Foul,Unsuccessful,52.8,47.8,,
385,372676,Rodrigo Villagra,1219,Internacional,44,FirstHalf,Pass,Successful,38.5,52.5,35,21.2
386,121417,Guillermo Maripán,1219,Internacional,44,FirstHalf,Pass,Successful,38,21.3,39.2,7
387,417722,Félix Torres,1219,Internacional,44,FirstHalf,Pass,Unsuccessful,39.1,6.5,60.7,5.3
396,605467,Claudinho,1243,Athletico Paranaense,44,FirstHalf,Interception,Successful,37.8,97.2,,
390,417722,Félix Torres,1219,Internacional,45,FirstHalf,Pass,Successful,59.4,0,70.8,25.8
391,355714,Alerrandro,1219,Internacional,45,FirstHalf,Pass,Successful,70.8,25.8,67.9,18
392,404828,Johan Carbonero,1219,Internacional,45,FirstHalf,Pass,Successful,68.7,17.7,60,27.4
393,372676,Rodrigo Villagra,1219,Internacional,45,FirstHalf,Pass,Successful,60.2,27.4,52.5,55.4
394,285541,Juninho,1219,Internacional,45,FirstHalf,Pass,Unsuccessful,54.1,60.8,56,62.1
398,604318,Leozinho,1243,Athletico Paranaense,45,FirstHalf,BlockedPass,Successful,42.3,29.1,,
395,285541,Juninho,1219,Internacional,45,FirstHalf,Error,Successful,55.8,61.7,,
399,533161,Kevin Viveros,1243,Athletico Paranaense,45,FirstHalf,BallRecovery,Successful,71.7,37.7,,
400,533161,Kevin Viveros,1243,Athletico Paranaense,45,FirstHalf,Pass,Successful,71.7,37.7,80.4,23
401,604318,Leozinho,1243,Athletico Paranaense,45,FirstHalf,Goal,Successful,89.6,33.1,,
396,355714,Alerrandro,1219,Internacional,46,FirstHalf,Pass,Successful,49.8,50.1,35.6,71.2
397,285541,Juninho,1219,Internacional,46,FirstHalf,Pass,Successful,35.8,71.1,35.2,36.3
398,417722,Félix Torres,1219,Internacional,46,FirstHalf,Pass,Successful,35.9,36,35.7,48.4
399,121417,Guillermo Maripán,1219,Internacional,46,FirstHalf,Pass,Successful,39.7,40.6,52.6,34.6
400,383128,Bruno Gomes,1219,Internacional,46,FirstHalf,Pass,Successful,45.9,33.4,47.2,6.4
401,373666,Vitinho,1219,Internacional,46,FirstHalf,Pass,Unsuccessful,47.2,6.4,64.1,0
403,,,1219,Internacional,47,FirstHalf,End,Successful,0,0,,
403,,,1243,Athletico Paranaense,47,FirstHalf,End,Successful,0,0,,
410,,,1219,Internacional,45,SecondHalf,Start,Successful,0,0,,
406,,,1243,Athletico Paranaense,45,SecondHalf,Start,Successful,0,0,,
407,533161,Kevin Viveros,1243,Athletico Paranaense,45,SecondHalf,Pass,Successful,49.9,49.9,39.6,59.1
408,43369,Luiz Gustavo,1243,Athletico Paranaense,45,SecondHalf,Pass,Successful,39.6,59.1,32.9,31.6
409,404383,Carlos Terán,1243,Athletico Paranaense,45,SecondHalf,Pass,Successful,32.9,31.6,27.6,47.6
410,477736,Juan Aguirre,1243,Athletico Paranaense,45,SecondHalf,Pass,Successful,27.6,47.6,26.4,25.2
411,404383,Carlos Terán,1243,Athletico Paranaense,45,SecondHalf,Pass,Successful,26.4,25.2,3.4,34
412,101675,Santos,1243,Athletico Paranaense,45,SecondHalf,Pass,Unsuccessful,3.4,34,38.3,0
412,399546,Matheus Bahia,1219,Internacional,45,SecondHalf,Pass,Successful,57,100,43.7,89.1
413,285541,Juninho,1219,Internacional,45,SecondHalf,Pass,Successful,43.2,85,35.8,56.1
414,121417,Guillermo Maripán,1219,Internacional,45,SecondHalf,Pass,Unsuccessful,35.4,42.8,65.7,24
414,404979,Lucas Esquivel,1243,Athletico Paranaense,45,SecondHalf,Clearance,Successful,37.8,62.4,47.4,85.1
415,373666,Vitinho,1219,Internacional,45,SecondHalf,Pass,Unsuccessful,58.7,5.8,60.8,5.9
415,605467,Claudinho,1243,Athletico Paranaense,45,SecondHalf,BlockedPass,Successful,43.5,86.6,,
417,373666,Vitinho,1219,Internacional,45,SecondHalf,Pass,Successful,58.9,0,41.5,8.9
418,417722,Félix Torres,1219,Internacional,45,SecondHalf,Pass,Successful,41.5,8.9,37.8,33.7
419,121417,Guillermo Maripán,1219,Internacional,45,SecondHalf,Pass,Successful,39,41.2,36.3,75.7
420,285541,Juninho,1219,Internacional,45,SecondHalf,Pass,Successful,36.3,75.7,36.8,93.2
421,399546,Matheus Bahia,1219,Internacional,45,SecondHalf,Pass,Unsuccessful,36.8,93.2,66.4,88
417,404383,Carlos Terán,1243,Athletico Paranaense,46,SecondHalf,Pass,Successful,30.6,7.7,44.6,8.6
419,119542,Gilberto,1243,Athletico Paranaense,46,SecondHalf,Pass,Unsuccessful,51.7,7.1,53.3,4.4
422,399546,Matheus Bahia,1219,Internacional,46,SecondHalf,BlockedPass,Successful,66,85,,
423,399546,Matheus Bahia,1219,Internacional,46,SecondHalf,Pass,Successful,69.8,83.2,64.3,89.1
424,355714,Alerrandro,1219,Internacional,46,SecondHalf,Pass,Successful,62.7,92.6,41.3,89.6
425,285541,Juninho,1219,Internacional,46,SecondHalf,Pass,Successful,41.3,89.6,42,74.2
426,372676,Rodrigo Villagra,1219,Internacional,46,SecondHalf,Pass,Successful,42,74.2,72.2,5.9
427,373666,Vitinho,1219,Internacional,46,SecondHalf,Pass,Successful,70.7,6.5,47,11.6
428,417722,Félix Torres,1219,Internacional,46,SecondHalf,Pass,Successful,47,11.6,44,34
429,121417,Guillermo Maripán,1219,Internacional,46,SecondHalf,Pass,Successful,44,34,63.3,30.4
430,404828,Johan Carbonero,1219,Internacional,46,SecondHalf,Pass,Unsuccessful,63.3,30.4,64.7,5.3
431,373666,Vitinho,1219,Internacional,46,SecondHalf,Foul,Successful,64.8,4.6,,
421,605467,Claudinho,1243,Athletico Paranaense,46,SecondHalf,Foul,Unsuccessful,35.2,95.4,,
432,417722,Félix Torres,1219,Internacional,46,SecondHalf,Pass,Successful,64.7,8.5,55.3,26.1
433,121417,Guillermo Maripán,1219,Internacional,46,SecondHalf,Pass,Successful,55.3,26.1,45.1,53.9
434,285541,Juninho,1219,Internacional,46,SecondHalf,Pass,Successful,45.1,53.9,46,27.6
435,121417,Guillermo Maripán,1219,Internacional,46,SecondHalf,Pass,Unsuccessful,46,27.6,82.4,27.9
422,477736,Juan Aguirre,1243,Athletico Paranaense,46,SecondHalf,Pass,Successful,13.2,69.3,20.6,72.3
423,43369,Luiz Gustavo,1243,Athletico Paranaense,46,SecondHalf,Pass,Unsuccessful,20.7,72.4,37.4,53
436,372676,Rodrigo Villagra,1219,Internacional,46,SecondHalf,Dispossessed,Successful,62.2,44.6,,
424,604318,Leozinho,1243,Athletico Paranaense,46,SecondHalf,Tackle,Unsuccessful,37.7,55.4,,
437,372676,Rodrigo Villagra,1219,Internacional,47,SecondHalf,Pass,Successful,63.5,29.1,58.2,18.3
438,417722,Félix Torres,1219,Internacional,47,SecondHalf,Pass,Unsuccessful,58.2,18.3,89.9,39.7
425,101675,Santos,1243,Athletico Paranaense,47,SecondHalf,KeeperPickup,Successful,9.2,54.6,,
426,101675,Santos,1243,Athletico Paranaense,47,SecondHalf,Pass,Successful,14.6,54.8,22.3,85.3
427,404979,Lucas Esquivel,1243,Athletico Paranaense,47,SecondHalf,Pass,Successful,31.8,84.7,58.8,6.4
428,119542,Gilberto,1243,Athletico Paranaense,47,SecondHalf,Pass,Unsuccessful,77.7,6.2,96.7,49.9
439,416920,Anthoni,1219,Internacional,47,SecondHalf,KeeperPickup,Successful,3.4,50.1,,
440,416920,Anthoni,1219,Internacional,47,SecondHalf,Pass,Successful,11.1,49.7,14.4,30.9
441,121417,Guillermo Maripán,1219,Internacional,47,SecondHalf,Pass,Successful,14.7,34,13.9,51.2
442,372676,Rodrigo Villagra,1219,Internacional,47,SecondHalf,Pass,Successful,24.7,57.8,25.6,84.5
443,285541,Juninho,1219,Internacional,47,SecondHalf,Pass,Unsuccessful,25.3,85.7,60.1,77.2
429,477736,Juan Aguirre,1243,Athletico Paranaense,47,SecondHalf,Aerial,Successful,41,22,,
444,355714,Alerrandro,1219,Internacional,47,SecondHalf,Aerial,Unsuccessful,58,78.8,,
430,477736,Juan Aguirre,1243,Athletico Paranaense,47,SecondHalf,Pass,Successful,44,19.7,65.9,19.8
431,119542,Gilberto,1243,Athletico Paranaense,47,SecondHalf,Dispossessed,Successful,57,29.2,,
445,399546,Matheus Bahia,1219,Internacional,47,SecondHalf,Tackle,Unsuccessful,43,70.8,,
432,404979,Lucas Esquivel,1243,Athletico Paranaense,48,SecondHalf,BallRecovery,Successful,42.9,42.1,,
433,404979,Lucas Esquivel,1243,Athletico Paranaense,48,SecondHalf,Pass,Successful,42.9,42.1,67.4,51.8
434,533161,Kevin Viveros,1243,Athletico Paranaense,48,SecondHalf,Foul,Successful,62.2,49.2,,
446,372676,Rodrigo Villagra,1219,Internacional,48,SecondHalf,Foul,Unsuccessful,37.7,50.8,,
435,404979,Lucas Esquivel,1243,Athletico Paranaense,48,SecondHalf,Pass,Successful,61.2,48.5,68.6,73.3
436,279539,Steven Mendoza,1243,Athletico Paranaense,48,SecondHalf,Pass,Successful,67.2,71.2,68.9,92.7
437,605467,Claudinho,1243,Athletico Paranaense,48,SecondHalf,Pass,Successful,69,92.3,60.9,87.4
438,404979,Lucas Esquivel,1243,Athletico Paranaense,48,SecondHalf,Pass,Unsuccessful,58.9,87.1,94,64.5
11465,404828,Johan Carbonero,1219,Internacional,49,SecondHalf,OffsideGiven,Unsuccessful,88.6,18.8,,
447,416920,Anthoni,1219,Internacional,49,SecondHalf,KeeperPickup,Successful,8.2,41,,
448,416920,Anthoni,1219,Internacional,49,SecondHalf,Pass,Successful,9.4,40.7,24.8,7.7
449,417722,Félix Torres,1219,Internacional,49,SecondHalf,Pass,Successful,42.8,22.1,59.5,35.1
450,355714,Alerrandro,1219,Internacional,49,SecondHalf,Foul,Successful,64.6,45.6,,
439,477736,Juan Aguirre,1243,Athletico Paranaense,49,SecondHalf,Foul,Unsuccessful,35.4,54.4,,
451,372676,Rodrigo Villagra,1219,Internacional,49,SecondHalf,Pass,Successful,64.1,39.5,58,29.5
452,383128,Bruno Gomes,1219,Internacional,49,SecondHalf,Pass,Successful,58,29.5,63.8,5.2
453,373666,Vitinho,1219,Internacional,49,SecondHalf,Pass,Unsuccessful,63.8,5.2,65.9,6.2
440,605467,Claudinho,1243,Athletico Paranaense,49,SecondHalf,BlockedPass,Successful,27.1,94.4,,
441,279539,Steven Mendoza,1243,Athletico Paranaense,49,SecondHalf,BallRecovery,Successful,34.4,79,,
442,279539,Steven Mendoza,1243,Athletico Paranaense,49,SecondHalf,Pass,Unsuccessful,34.4,79,33.8,71.5
457,383128,Bruno Gomes,1219,Internacional,49,SecondHalf,BallRecovery,Successful,67.5,35.4,,
455,383128,Bruno Gomes,1219,Internacional,49,SecondHalf,Pass,Successful,66.2,30.9,60.5,41.8
456,372676,Rodrigo Villagra,1219,Internacional,49,SecondHalf,Pass,Successful,60.8,41,62.7,19.5
458,417722,Félix Torres,1219,Internacional,49,SecondHalf,Pass,Successful,62.7,19.5,69.9,6.7
459,373666,Vitinho,1219,Internacional,49,SecondHalf,Pass,Successful,69.9,6.7,79.1,3.1
460,404828,Johan Carbonero,1219,Internacional,49,SecondHalf,Pass,Successful,71.5,10.4,75.7,17.9
461,383128,Bruno Gomes,1219,Internacional,49,SecondHalf,BallTouch,Unsuccessful,75.9,17.9,,
443,404979,Lucas Esquivel,1243,Athletico Paranaense,49,SecondHalf,BallRecovery,Successful,19.4,83.9,,
444,404979,Lucas Esquivel,1243,Athletico Paranaense,49,SecondHalf,Pass,Unsuccessful,15,88.4,15.9,90.8
462,373666,Vitinho,1219,Internacional,49,SecondHalf,BlockedPass,Successful,78.6,10.7,,
463,383128,Bruno Gomes,1219,Internacional,49,SecondHalf,Pass,Successful,76.7,10.4,82.2,16.4
464,404828,Johan Carbonero,1219,Internacional,49,SecondHalf,BallRecovery,Successful,81.7,16.4,,
465,383128,Bruno Gomes,1219,Internacional,49,SecondHalf,OffsidePass,Successful,74.4,9.4,88.6,18.8
446,477736,Juan Aguirre,1243,Athletico Paranaense,49,SecondHalf,OffsideProvoked,Successful,16.8,80.1,,
447,404979,Lucas Esquivel,1243,Athletico Paranaense,50,SecondHalf,Pass,Unsuccessful,18,77,60,28.8
467,399546,Matheus Bahia,1219,Internacional,50,SecondHalf,BallTouch,Successful,40.2,75,,
468,285541,Juninho,1219,Internacional,50,SecondHalf,BallRecovery,Successful,41,70.3,,
469,285541,Juninho,1219,Internacional,50,SecondHalf,Pass,Successful,41,70.3,56.6,66.9
470,383128,Bruno Gomes,1219,Internacional,50,SecondHalf,Pass,Successful,56.6,66.9,58.3,69
448,114096,Jádson,1243,Athletico Paranaense,50,SecondHalf,Challenge,Unsuccessful,39.1,26,,
471,386203,Alexandro Bernabéi,1219,Internacional,50,SecondHalf,TakeOn,Successful,60.9,74,,
472,386203,Alexandro Bernabéi,1219,Internacional,50,SecondHalf,Pass,Unsuccessful,58.5,69,90.8,39.2
449,101675,Santos,1243,Athletico Paranaense,50,SecondHalf,KeeperPickup,Successful,10.6,61.7,,
450,101675,Santos,1243,Athletico Paranaense,50,SecondHalf,Pass,Successful,9.6,56.4,15.9,23.6
451,404383,Carlos Terán,1243,Athletico Paranaense,50,SecondHalf,Pass,Successful,15.9,23.6,30.4,6.8
452,119542,Gilberto,1243,Athletico Paranaense,50,SecondHalf,Pass,Successful,33.6,3.5,20,16.5
453,404383,Carlos Terán,1243,Athletico Paranaense,50,SecondHalf,Pass,Successful,20.9,14.9,4.5,46.4
454,101675,Santos,1243,Athletico Paranaense,51,SecondHalf,Pass,Successful,4.5,46.4,54,16.5
455,604318,Leozinho,1243,Athletico Paranaense,51,SecondHalf,Aerial,Successful,54.6,18.1,,
473,399546,Matheus Bahia,1219,Internacional,51,SecondHalf,Aerial,Unsuccessful,45.4,81.9,,
456,604318,Leozinho,1243,Athletico Paranaense,51,SecondHalf,BallTouch,Unsuccessful,54,16.5,,
474,399546,Matheus Bahia,1219,Internacional,51,SecondHalf,BallTouch,Successful,44.9,80.8,,
475,121417,Guillermo Maripán,1219,Internacional,51,SecondHalf,Pass,Unsuccessful,39.2,76.3,72.4,44.3
457,404979,Lucas Esquivel,1243,Athletico Paranaense,51,SecondHalf,Pass,Successful,32.9,54.6,40.7,16.5
458,119542,Gilberto,1243,Athletico Paranaense,51,SecondHalf,Pass,Unsuccessful,40.7,16.5,42.8,17.4
476,372676,Rodrigo Villagra,1219,Internacional,51,SecondHalf,BlockedPass,Successful,60.1,87.7,,
477,372676,Rodrigo Villagra,1219,Internacional,51,SecondHalf,Dispossessed,Successful,58,93.5,,
459,119542,Gilberto,1243,Athletico Paranaense,51,SecondHalf,Tackle,Unsuccessful,42,6.5,,
479,372676,Rodrigo Villagra,1219,Internacional,51,SecondHalf,BallTouch,Unsuccessful,56.9,91.5,,
460,,,1243,Athletico Paranaense,51,SecondHalf,Foul,Successful,42,6.5,,
478,372676,Rodrigo Villagra,1219,Internacional,51,SecondHalf,Foul,Unsuccessful,58,93.5,,
461,404383,Carlos Terán,1243,Athletico Paranaense,51,SecondHalf,Pass,Successful,40.6,10.9,32.3,37.3
462,477736,Juan Aguirre,1243,Athletico Paranaense,51,SecondHalf,Pass,Successful,33.7,39.1,39.1,61.7
463,404979,Lucas Esquivel,1243,Athletico Paranaense,51,SecondHalf,Pass,Successful,38.9,63,70.8,95.9
464,279539,Steven Mendoza,1243,Athletico Paranaense,51,SecondHalf,BallTouch,Unsuccessful,70.8,95.9,,
481,373666,Vitinho,1219,Internacional,52,SecondHalf,Pass,Unsuccessful,36.5,0,59.9,7
466,477736,Juan Aguirre,1243,Athletico Paranaense,52,SecondHalf,Pass,Successful,41.5,92.9,46.2,90.2
467,605467,Claudinho,1243,Athletico Paranaense,52,SecondHalf,Aerial,Successful,42.1,88.4,,
482,355714,Alerrandro,1219,Internacional,52,SecondHalf,Aerial,Unsuccessful,57.9,11.6,,
468,605467,Claudinho,1243,Athletico Paranaense,52,SecondHalf,Pass,Successful,46.3,90.3,47.3,89.3
470,43369,Luiz Gustavo,1243,Athletico Paranaense,52,SecondHalf,BallTouch,Unsuccessful,42.2,87.5,,
483,355714,Alerrandro,1219,Internacional,52,SecondHalf,Pass,Successful,60,13.1,47.9,4.9
484,373666,Vitinho,1219,Internacional,52,SecondHalf,Pass,Unsuccessful,47.9,4.9,85.1,6.7
485,404828,Johan Carbonero,1219,Internacional,52,SecondHalf,BallTouch,Unsuccessful,86,7.4,,
11494,404828,Johan Carbonero,1219,Internacional,53,SecondHalf,OffsideGiven,Unsuccessful,64.4,21.5,,
471,404979,Lucas Esquivel,1243,Athletico Paranaense,53,SecondHalf,Pass,Unsuccessful,35.8,100,67.2,92.6
487,417722,Félix Torres,1219,Internacional,53,SecondHalf,Interception,Successful,42.6,9.2,,
472,279539,Steven Mendoza,1243,Athletico Paranaense,53,SecondHalf,TakeOn,Unsuccessful,67.3,96.5,,
490,383128,Bruno Gomes,1219,Internacional,53,SecondHalf,Pass,Unsuccessful,46.8,0,63.3,6.1
474,404979,Lucas Esquivel,1243,Athletico Paranaense,53,SecondHalf,Pass,Successful,39.1,92.1,43.9,96.3
475,605467,Claudinho,1243,Athletico Paranaense,53,SecondHalf,BallRecovery,Successful,44,96.3,,
476,605467,Claudinho,1243,Athletico Paranaense,53,SecondHalf,Pass,Successful,44,96.3,56.6,85.3
477,279539,Steven Mendoza,1243,Athletico Paranaense,53,SecondHalf,Pass,Successful,59,88.4,67.9,82.4
478,533161,Kevin Viveros,1243,Athletico Paranaense,53,SecondHalf,Pass,Unsuccessful,67.9,82.4,64,86
826,121417,Guillermo Maripán,1219,Internacional,53,SecondHalf,Interception,Successful,32.1,21.5,,
827,373666,Vitinho,1219,Internacional,53,SecondHalf,Pass,Unsuccessful,34.9,16.2,59.4,21.1
479,404979,Lucas Esquivel,1243,Athletico Paranaense,53,SecondHalf,Pass,Unsuccessful,42,74.2,68.1,67.8
828,285541,Juninho,1219,Internacional,53,SecondHalf,Pass,Successful,28.3,33.1,45.9,25.8
831,383128,Bruno Gomes,1219,Internacional,53,SecondHalf,BallTouch,Unsuccessful,44.6,26.5,,
493,372676,Rodrigo Villagra,1219,Internacional,53,SecondHalf,BallRecovery,Successful,43.1,36.1,,
494,372676,Rodrigo Villagra,1219,Internacional,53,SecondHalf,OffsidePass,Successful,41.7,35.8,64.4,21.5
481,404979,Lucas Esquivel,1243,Athletico Paranaense,53,SecondHalf,OffsideProvoked,Successful,36.6,73.9,,
482,404979,Lucas Esquivel,1243,Athletico Paranaense,54,SecondHalf,Pass,Successful,36.6,77.9,80.3,4.9
483,119542,Gilberto,1243,Athletico Paranaense,54,SecondHalf,Pass,Unsuccessful,89.4,6.8,92.6,53
495,417722,Félix Torres,1219,Internacional,54,SecondHalf,Clearance,Successful,9.4,47.2,25.7,40.9
484,43369,Luiz Gustavo,1243,Athletico Paranaense,54,SecondHalf,SavedShot,Successful,78.4,57.3,,
496,121417,Guillermo Maripán,1219,Internacional,54,SecondHalf,Save,Successful,10.5,45.8,,
497,404828,Johan Carbonero,1219,Internacional,54,SecondHalf,BallRecovery,Successful,31.9,28.6,,
498,404828,Johan Carbonero,1219,Internacional,54,SecondHalf,Pass,Unsuccessful,31.9,28.6,25.2,33.4
485,279539,Steven Mendoza,1243,Athletico Paranaense,54,SecondHalf,BallRecovery,Successful,75.4,69.4,,
486,279539,Steven Mendoza,1243,Athletico Paranaense,54,SecondHalf,Pass,Successful,75.4,69.4,66.7,67.3
487,43369,Luiz Gustavo,1243,Athletico Paranaense,54,SecondHalf,Pass,Successful,66.7,67.3,61.5,90.8
488,404979,Lucas Esquivel,1243,Athletico Paranaense,54,SecondHalf,Pass,Successful,61.5,90.8,67.9,95.4
489,605467,Claudinho,1243,Athletico Paranaense,54,SecondHalf,Pass,Successful,67.9,95.6,68.4,91.8
490,404979,Lucas Esquivel,1243,Athletico Paranaense,54,SecondHalf,Pass,Successful,68.4,91.8,74.3,96.5
491,279539,Steven Mendoza,1243,Athletico Paranaense,54,SecondHalf,BallTouch,Unsuccessful,74.3,96.5,,
500,417722,Félix Torres,1219,Internacional,55,SecondHalf,Pass,Successful,26.5,0,11.5,15
501,121417,Guillermo Maripán,1219,Internacional,55,SecondHalf,Pass,Unsuccessful,26.8,34.8,63.6,53.9
493,404383,Carlos Terán,1243,Athletico Paranaense,55,SecondHalf,Pass,Successful,31.1,30.9,37,33.3
494,114096,Jádson,1243,Athletico Paranaense,55,SecondHalf,BallTouch,Successful,37.1,33.3,,
495,119542,Gilberto,1243,Athletico Paranaense,55,SecondHalf,BallTouch,Unsuccessful,39.7,28.9,,
502,372676,Rodrigo Villagra,1219,Internacional,55,SecondHalf,BallTouch,Unsuccessful,41.6,46.1,,
496,604318,Leozinho,1243,Athletico Paranaense,55,SecondHalf,BallRecovery,Successful,67,63.4,,
497,604318,Leozinho,1243,Athletico Paranaense,55,SecondHalf,Pass,Unsuccessful,74.8,64.3,81.5,50.6
503,121417,Guillermo Maripán,1219,Internacional,55,SecondHalf,Clearance,Successful,19,45.2,32.6,42.7
498,43369,Luiz Gustavo,1243,Athletico Paranaense,55,SecondHalf,Pass,Successful,67.2,60.2,74,69.6
499,604318,Leozinho,1243,Athletico Paranaense,55,SecondHalf,Pass,Successful,74,69.6,73.2,45.7
500,119542,Gilberto,1243,Athletico Paranaense,55,SecondHalf,MissedShots,Successful,74,42.2,,
505,416920,Anthoni,1219,Internacional,56,SecondHalf,Pass,Successful,3.2,54.2,14.2,26.7
506,121417,Guillermo Maripán,1219,Internacional,56,SecondHalf,Pass,Successful,14.2,26.7,8.6,46.4
507,416920,Anthoni,1219,Internacional,56,SecondHalf,Pass,Successful,7.8,46.6,47.2,10.7
508,373666,Vitinho,1219,Internacional,56,SecondHalf,Aerial,Successful,50.5,13.9,,
502,605467,Claudinho,1243,Athletico Paranaense,56,SecondHalf,Aerial,Unsuccessful,50.6,87.1,,
509,373666,Vitinho,1219,Internacional,56,SecondHalf,Pass,Successful,47.3,10.9,64.3,3.8
511,404828,Johan Carbonero,1219,Internacional,56,SecondHalf,Pass,Successful,77.8,26.4,90.3,37.9
512,355714,Alerrandro,1219,Internacional,56,SecondHalf,Pass,Unsuccessful,90.3,37.9,86.4,45.8
504,43369,Luiz Gustavo,1243,Athletico Paranaense,56,SecondHalf,Clearance,Successful,13.4,50.7,29.1,38.3
505,604318,Leozinho,1243,Athletico Paranaense,56,SecondHalf,Pass,Unsuccessful,29,38,44.8,55.4
513,121417,Guillermo Maripán,1219,Internacional,56,SecondHalf,Aerial,Successful,55.2,44.3,,
506,533161,Kevin Viveros,1243,Athletico Paranaense,56,SecondHalf,Aerial,Unsuccessful,44.8,55.8,,
514,121417,Guillermo Maripán,1219,Internacional,56,SecondHalf,Clearance,Successful,55,43.3,60.4,48.4
515,372676,Rodrigo Villagra,1219,Internacional,56,SecondHalf,Pass,Successful,60.4,48.4,44.1,51.9
516,285541,Juninho,1219,Internacional,56,SecondHalf,Pass,Successful,44.1,51.9,53.2,17.4
517,417722,Félix Torres,1219,Internacional,56,SecondHalf,Pass,Successful,53.2,17.4,61.6,18.3
518,383128,Bruno Gomes,1219,Internacional,56,SecondHalf,Pass,Successful,62.4,18.5,64.9,5.3
519,373666,Vitinho,1219,Internacional,56,SecondHalf,Pass,Successful,64.9,5.3,47.7,15.9
520,417722,Félix Torres,1219,Internacional,56,SecondHalf,Pass,Successful,47.9,18.5,51.8,36.6
521,372676,Rodrigo Villagra,1219,Internacional,56,SecondHalf,Pass,Successful,61.6,48.5,70.9,92
522,399546,Matheus Bahia,1219,Internacional,56,SecondHalf,Pass,Successful,70.7,94.5,73.9,74.2
523,386203,Alexandro Bernabéi,1219,Internacional,57,SecondHalf,Pass,Successful,73.9,74.2,69,83.6
524,399546,Matheus Bahia,1219,Internacional,57,SecondHalf,Pass,Successful,69,83.6,63,81.7
525,285541,Juninho,1219,Internacional,57,SecondHalf,Pass,Successful,63,81.7,46.2,37.6
526,121417,Guillermo Maripán,1219,Internacional,57,SecondHalf,Pass,Successful,46,37.3,45.5,9.8
527,417722,Félix Torres,1219,Internacional,57,SecondHalf,Pass,Successful,45.5,9.8,59.5,3.7
528,373666,Vitinho,1219,Internacional,57,SecondHalf,Pass,Successful,59.5,3.7,58.3,12.5
529,383128,Bruno Gomes,1219,Internacional,57,SecondHalf,Dispossessed,Successful,59.6,16.8,,
507,114096,Jádson,1243,Athletico Paranaense,57,SecondHalf,Tackle,Successful,40.4,83.2,,
530,383128,Bruno Gomes,1219,Internacional,57,SecondHalf,BallTouch,Successful,52.7,9.4,,
508,279539,Steven Mendoza,1243,Athletico Paranaense,57,SecondHalf,BallRecovery,Successful,43.7,83.3,,
509,279539,Steven Mendoza,1243,Athletico Paranaense,57,SecondHalf,Pass,Unsuccessful,43.7,83.3,53.2,77.3
531,417722,Félix Torres,1219,Internacional,57,SecondHalf,BallRecovery,Successful,46.1,25.9,,
532,417722,Félix Torres,1219,Internacional,57,SecondHalf,Pass,Successful,46.1,25.9,47.4,45.4
533,372676,Rodrigo Villagra,1219,Internacional,57,SecondHalf,Pass,Successful,47.4,45.4,58.4,61.8
534,386203,Alexandro Bernabéi,1219,Internacional,57,SecondHalf,Pass,Successful,58.4,61.8,63.5,92.4
535,399546,Matheus Bahia,1219,Internacional,57,SecondHalf,Pass,Unsuccessful,62.4,92.9,74,69.9
510,404383,Carlos Terán,1243,Athletico Paranaense,57,SecondHalf,BallTouch,Unsuccessful,25,25.6,,
536,399546,Matheus Bahia,1219,Internacional,57,SecondHalf,CornerAwarded,Successful,74.6,72.6,,
511,404383,Carlos Terán,1243,Athletico Paranaense,57,SecondHalf,CornerAwarded,Unsuccessful,25.4,27.4,,
537,386203,Alexandro Bernabéi,1219,Internacional,57,SecondHalf,Pass,Unsuccessful,99.5,99.5,87.8,61.8
513,404979,Lucas Esquivel,1243,Athletico Paranaense,57,SecondHalf,Clearance,Successful,7.6,38.6,38.7,19.4
539,372676,Rodrigo Villagra,1219,Internacional,58,SecondHalf,Pass,Successful,61.4,75,91.4,17.4
540,404828,Johan Carbonero,1219,Internacional,58,SecondHalf,BallTouch,Unsuccessful,92.6,16.5,,
516,101675,Santos,1243,Athletico Paranaense,58,SecondHalf,Pass,Unsuccessful,3.9,54.5,93.6,92
542,121417,Guillermo Maripán,1219,Internacional,58,SecondHalf,Pass,Unsuccessful,13.4,10.3,16,9.4
517,279539,Steven Mendoza,1243,Athletico Paranaense,58,SecondHalf,BlockedPass,Successful,90.9,89.9,,
518,279539,Steven Mendoza,1243,Athletico Paranaense,58,SecondHalf,Pass,Successful,97.2,85.1,87.3,69.1
519,533161,Kevin Viveros,1243,Athletico Paranaense,58,SecondHalf,MissedShots,Successful,90.2,65.2,,
544,399546,Matheus Bahia,1219,Internacional,59,SecondHalf,Pass,Successful,5.5,100,16.2,83.6
545,285541,Juninho,1219,Internacional,59,SecondHalf,BallTouch,Successful,16.2,83.6,,
521,404383,Carlos Terán,1243,Athletico Paranaense,59,SecondHalf,BallRecovery,Successful,18.4,27.4,,
522,404383,Carlos Terán,1243,Athletico Paranaense,59,SecondHalf,Pass,Successful,18.4,27.4,10.4,42.4
523,101675,Santos,1243,Athletico Paranaense,59,SecondHalf,Pass,Successful,10.4,42.4,33.8,77.5
524,404979,Lucas Esquivel,1243,Athletico Paranaense,59,SecondHalf,Pass,Unsuccessful,39.4,78.7,72,78.5
546,417722,Félix Torres,1219,Internacional,59,SecondHalf,BallRecovery,Successful,35,21.6,,
547,417722,Félix Torres,1219,Internacional,59,SecondHalf,Pass,Unsuccessful,33.9,21.2,14.9,46.6
549,417722,Félix Torres,1219,Internacional,59,SecondHalf,Error,Successful,14.8,48.8,,
525,533161,Kevin Viveros,1243,Athletico Paranaense,59,SecondHalf,TakeOn,Successful,87.4,53.8,,
548,416920,Anthoni,1219,Internacional,59,SecondHalf,Challenge,Unsuccessful,12.6,46.2,,
526,533161,Kevin Viveros,1243,Athletico Paranaense,59,SecondHalf,BallRecovery,Successful,94.3,52.2,,
527,533161,Kevin Viveros,1243,Athletico Paranaense,59,SecondHalf,Goal,Successful,98,55.7,,
550,355714,Alerrandro,1219,Internacional,61,SecondHalf,Pass,Successful,50.2,50.3,38.7,27.1
551,417722,Félix Torres,1219,Internacional,61,SecondHalf,Pass,Successful,38.7,27.1,25.7,73.2
552,285541,Juninho,1219,Internacional,61,SecondHalf,Pass,Successful,25.7,73.2,15.8,32.4
553,121417,Guillermo Maripán,1219,Internacional,61,SecondHalf,Pass,Unsuccessful,21.4,27.6,64.4,46.7
528,477736,Juan Aguirre,1243,Athletico Paranaense,61,SecondHalf,Pass,Unsuccessful,36.2,46,45.5,27.7
554,399546,Matheus Bahia,1219,Internacional,61,SecondHalf,Pass,Successful,54.4,69,64,64.5
555,355714,Alerrandro,1219,Internacional,61,SecondHalf,Foul,Successful,62.7,64.2,,
530,477736,Juan Aguirre,1243,Athletico Paranaense,61,SecondHalf,Foul,Unsuccessful,37.3,35.8,,
556,399546,Matheus Bahia,1219,Internacional,61,SecondHalf,SubstitutionOff,Successful,0,0,,
557,404916,Braian Aguirre,1219,Internacional,61,SecondHalf,SubstitutionOn,Successful,0,0,,
558,417722,Félix Torres,1219,Internacional,62,SecondHalf,SubstitutionOff,Successful,0,0,,
559,132282,Bruno Henrique,1219,Internacional,62,SecondHalf,SubstitutionOn,Successful,0,0,,
575,,,1219,Internacional,62,SecondHalf,FormationChange,Successful,0,0,,
560,383128,Bruno Gomes,1219,Internacional,62,SecondHalf,Pass,Unsuccessful,65.3,68.4,86.9,32.4
531,605467,Claudinho,1243,Athletico Paranaense,63,SecondHalf,Clearance,Successful,10.8,66.3,0,79.4
561,383128,Bruno Gomes,1219,Internacional,63,SecondHalf,CornerAwarded,Successful,95,25.2,,
532,605467,Claudinho,1243,Athletico Paranaense,63,SecondHalf,CornerAwarded,Unsuccessful,5.1,74.7,,
562,132282,Bruno Henrique,1219,Internacional,63,SecondHalf,Pass,Unsuccessful,99.5,0.5,89.4,43.4
533,477736,Juan Aguirre,1243,Athletico Paranaense,63,SecondHalf,Clearance,Successful,9,53,37.1,66.6
563,372676,Rodrigo Villagra,1219,Internacional,63,SecondHalf,Pass,Unsuccessful,62.3,44.3,87.1,88.3
534,43369,Luiz Gustavo,1243,Athletico Paranaense,63,SecondHalf,Interception,Successful,16,15.8,,
565,386203,Alexandro Bernabéi,1219,Internacional,63,SecondHalf,Pass,Unsuccessful,86.7,100,91.7,59.3
536,477736,Juan Aguirre,1243,Athletico Paranaense,63,SecondHalf,Aerial,Successful,8.8,40.4,,
566,355714,Alerrandro,1219,Internacional,63,SecondHalf,Aerial,Unsuccessful,90.8,59.8,,
537,477736,Juan Aguirre,1243,Athletico Paranaense,63,SecondHalf,Clearance,Successful,10.2,39.7,26.4,21.8
538,533161,Kevin Viveros,1243,Athletico Paranaense,63,SecondHalf,BallRecovery,Successful,26.9,8.6,,
539,533161,Kevin Viveros,1243,Athletico Paranaense,63,SecondHalf,TakeOn,Unsuccessful,25.1,7.7,,
569,386203,Alexandro Bernabéi,1219,Internacional,64,SecondHalf,Pass,Successful,75.3,100,57.4,83.9
570,285541,Juninho,1219,Internacional,64,SecondHalf,Pass,Successful,56.5,81.5,56.7,38.8
571,383128,Bruno Gomes,1219,Internacional,64,SecondHalf,Pass,Successful,57,43.1,42.5,55.4
572,121417,Guillermo Maripán,1219,Internacional,64,SecondHalf,Pass,Successful,42.3,57.2,47,87.5
573,285541,Juninho,1219,Internacional,64,SecondHalf,Pass,Successful,45.5,88.3,70.9,83
574,404828,Johan Carbonero,1219,Internacional,64,SecondHalf,Foul,Successful,65.7,88.6,,
541,404383,Carlos Terán,1243,Athletico Paranaense,64,SecondHalf,Foul,Unsuccessful,34.2,11.4,,
542,279539,Steven Mendoza,1243,Athletico Paranaense,64,SecondHalf,SubstitutionOff,Successful,0,0,,
543,478179,João Cruz,1243,Athletico Paranaense,64,SecondHalf,SubstitutionOn,Successful,0,0,,
576,132282,Bruno Henrique,1219,Internacional,65,SecondHalf,Pass,Unsuccessful,69.1,90.8,100,43.3
545,101675,Santos,1243,Athletico Paranaense,65,SecondHalf,Pass,Successful,3.2,51.5,64,13.4
546,119542,Gilberto,1243,Athletico Paranaense,65,SecondHalf,Aerial,Successful,59.6,8.6,,
578,386203,Alexandro Bernabéi,1219,Internacional,65,SecondHalf,Aerial,Unsuccessful,39,89.8,,
547,119542,Gilberto,1243,Athletico Paranaense,65,SecondHalf,Pass,Unsuccessful,64,13.4,72.6,28.2
579,386203,Alexandro Bernabéi,1219,Internacional,65,SecondHalf,BallTouch,Successful,41.9,93,,
580,372676,Rodrigo Villagra,1219,Internacional,65,SecondHalf,Pass,Successful,39,77,35.1,92
581,285541,Juninho,1219,Internacional,65,SecondHalf,Pass,Successful,35.1,92,65.9,85
582,404828,Johan Carbonero,1219,Internacional,65,SecondHalf,Pass,Successful,65.9,85,67.2,78.4
583,355714,Alerrandro,1219,Internacional,65,SecondHalf,BallRecovery,Successful,67.2,78.4,,
584,355714,Alerrandro,1219,Internacional,65,SecondHalf,Dispossessed,Successful,67.2,77.4,,
548,404383,Carlos Terán,1243,Athletico Paranaense,65,SecondHalf,Tackle,Successful,32.8,22.6,,
549,404383,Carlos Terán,1243,Athletico Paranaense,65,SecondHalf,BallRecovery,Successful,32.5,24.9,,
550,404383,Carlos Terán,1243,Athletico Paranaense,65,SecondHalf,Pass,Successful,32.5,24.9,45.9,13.5
551,119542,Gilberto,1243,Athletico Paranaense,66,SecondHalf,Pass,Successful,45.9,13.5,67.2,6.1
552,533161,Kevin Viveros,1243,Athletico Paranaense,66,SecondHalf,TakeOn,Unsuccessful,75.8,14.4,,
585,285541,Juninho,1219,Internacional,66,SecondHalf,Tackle,Successful,24.2,85.6,,
586,132282,Bruno Henrique,1219,Internacional,66,SecondHalf,BallRecovery,Successful,32.8,80.8,,
587,132282,Bruno Henrique,1219,Internacional,66,SecondHalf,Pass,Successful,32.8,80.8,41.2,69.7
588,373666,Vitinho,1219,Internacional,66,SecondHalf,Pass,Successful,41.5,74.4,71.5,76.3
589,404828,Johan Carbonero,1219,Internacional,66,SecondHalf,Pass,Successful,88.3,69.6,90.4,47
590,132282,Bruno Henrique,1219,Internacional,66,SecondHalf,Pass,Successful,93.6,42.2,87.6,44.3
591,404916,Braian Aguirre,1219,Internacional,66,SecondHalf,SavedShot,Successful,87.6,44.3,,
553,101675,Santos,1243,Athletico Paranaense,66,SecondHalf,Save,Successful,1.8,52.2,,
592,404916,Braian Aguirre,1219,Internacional,66,SecondHalf,CornerAwarded,Successful,94.1,46.4,,
554,101675,Santos,1243,Athletico Paranaense,66,SecondHalf,CornerAwarded,Unsuccessful,6,53.6,,
593,132282,Bruno Henrique,1219,Internacional,66,SecondHalf,Pass,Unsuccessful,99.5,0.5,87.9,51
555,404383,Carlos Terán,1243,Athletico Paranaense,66,SecondHalf,Clearance,Successful,9.7,45.1,20,58.7
556,478179,João Cruz,1243,Athletico Paranaense,66,SecondHalf,Clearance,Successful,20,58.7,66.8,8.8
595,372676,Rodrigo Villagra,1219,Internacional,67,SecondHalf,Pass,Successful,44.1,67.8,41.1,38.8
596,383128,Bruno Gomes,1219,Internacional,67,SecondHalf,Pass,Successful,41.9,37.9,87,46.7
597,355714,Alerrandro,1219,Internacional,67,SecondHalf,MissedShots,Successful,87,46.7,,
558,101675,Santos,1243,Athletico Paranaense,68,SecondHalf,Pass,Unsuccessful,4.3,53.4,65.1,32.2
599,285541,Juninho,1219,Internacional,68,SecondHalf,Pass,Successful,33.4,71.7,57.2,72.4
600,355714,Alerrandro,1219,Internacional,68,SecondHalf,Foul,Successful,57.7,72.8,,
559,477736,Juan Aguirre,1243,Athletico Paranaense,68,SecondHalf,Foul,Unsuccessful,42.3,27.2,,
601,355714,Alerrandro,1219,Internacional,68,SecondHalf,SubstitutionOff,Successful,0,0,,
602,74571,Alan Patrick,1219,Internacional,68,SecondHalf,SubstitutionOn,Successful,0,0,,
681,,,1219,Internacional,68,SecondHalf,FormationChange,Successful,0,0,,
603,132282,Bruno Henrique,1219,Internacional,68,SecondHalf,Pass,Successful,57.2,76.4,57.5,53
604,372676,Rodrigo Villagra,1219,Internacional,68,SecondHalf,Pass,Successful,57.5,53,58.6,23.1
605,121417,Guillermo Maripán,1219,Internacional,68,SecondHalf,Pass,Successful,58.6,23.1,61.5,5.5
606,404916,Braian Aguirre,1219,Internacional,68,SecondHalf,Pass,Successful,61.5,5.5,87.7,8.8
607,383128,Bruno Gomes,1219,Internacional,68,SecondHalf,Pass,Unsuccessful,91.5,9.5,92.6,44.5
560,477736,Juan Aguirre,1243,Athletico Paranaense,68,SecondHalf,Clearance,Successful,3.5,57.8,9.6,51.8
561,114096,Jádson,1243,Athletico Paranaense,68,SecondHalf,BallRecovery,Successful,9.9,51.3,,
562,114096,Jádson,1243,Athletico Paranaense,68,SecondHalf,Pass,Successful,9.9,51.3,29.6,64
563,478179,João Cruz,1243,Athletico Paranaense,68,SecondHalf,Pass,Successful,34.8,60.5,82.9,85
564,533161,Kevin Viveros,1243,Athletico Paranaense,68,SecondHalf,Pass,Successful,77.8,88.3,65.5,48.1
565,114096,Jádson,1243,Athletico Paranaense,69,SecondHalf,Pass,Successful,65.4,47.9,80.7,12.2
566,119542,Gilberto,1243,Athletico Paranaense,69,SecondHalf,Pass,Successful,85.3,15.8,96.5,58.8
567,533161,Kevin Viveros,1243,Athletico Paranaense,69,SecondHalf,MissedShots,Successful,96.5,58.8,,
609,416920,Anthoni,1219,Internacional,69,SecondHalf,Pass,Successful,3.2,52.8,24.2,53.3
610,372676,Rodrigo Villagra,1219,Internacional,69,SecondHalf,Pass,Successful,28,54.2,41.5,90.6
611,386203,Alexandro Bernabéi,1219,Internacional,69,SecondHalf,Pass,Unsuccessful,38.5,91.4,73.3,73.9
569,404383,Carlos Terán,1243,Athletico Paranaense,69,SecondHalf,BallTouch,Unsuccessful,25.3,11.9,,
613,386203,Alexandro Bernabéi,1219,Internacional,69,SecondHalf,Pass,Successful,73.4,100,67.8,87.7
614,372676,Rodrigo Villagra,1219,Internacional,69,SecondHalf,Pass,Successful,67.8,87.7,67.3,74.4
615,132282,Bruno Henrique,1219,Internacional,69,SecondHalf,Pass,Successful,67.3,74.4,66.2,89
616,372676,Rodrigo Villagra,1219,Internacional,69,SecondHalf,Pass,Successful,65.7,86.5,56.8,66
617,285541,Juninho,1219,Internacional,69,SecondHalf,Pass,Successful,54.4,59.1,46.2,29.5
618,121417,Guillermo Maripán,1219,Internacional,69,SecondHalf,Pass,Successful,46.2,29.5,61.9,5
11621,404916,Braian Aguirre,1219,Internacional,70,SecondHalf,OffsideGiven,Unsuccessful,88.2,45.4,,
619,383128,Bruno Gomes,1219,Internacional,70,SecondHalf,Pass,Successful,61.9,5,68.9,11.3
620,74571,Alan Patrick,1219,Internacional,70,SecondHalf,Foul,Successful,71.4,16.6,,
571,404979,Lucas Esquivel,1243,Athletico Paranaense,70,SecondHalf,Foul,Unsuccessful,28.6,83.4,,
621,74571,Alan Patrick,1219,Internacional,70,SecondHalf,OffsidePass,Successful,66.2,10.9,88.2,45.4
573,43369,Luiz Gustavo,1243,Athletico Paranaense,70,SecondHalf,OffsideProvoked,Successful,14.1,58.9,,
574,101675,Santos,1243,Athletico Paranaense,71,SecondHalf,Pass,Successful,13.1,42.8,24.1,83.5
575,404979,Lucas Esquivel,1243,Athletico Paranaense,71,SecondHalf,Pass,Unsuccessful,25,83.5,34.8,88
623,74571,Alan Patrick,1219,Internacional,71,SecondHalf,BallTouch,Unsuccessful,72.2,20.6,,
576,605467,Claudinho,1243,Athletico Paranaense,71,SecondHalf,Pass,Successful,31.5,87.4,46.4,85.9
577,114096,Jádson,1243,Athletico Paranaense,71,SecondHalf,Pass,Successful,46.4,85.9,51.1,94.5
578,478179,João Cruz,1243,Athletico Paranaense,71,SecondHalf,Pass,Unsuccessful,50.9,94.2,46,100
627,383128,Bruno Gomes,1219,Internacional,71,SecondHalf,Pass,Successful,45.3,0,39.4,13.8
628,121417,Guillermo Maripán,1219,Internacional,71,SecondHalf,Pass,Successful,39.4,13.8,36.8,38.6
629,285541,Juninho,1219,Internacional,71,SecondHalf,Pass,Successful,36.8,38.6,45.6,71.2
630,386203,Alexandro Bernabéi,1219,Internacional,71,SecondHalf,Pass,Successful,45.6,71.2,63.9,92.9
631,74571,Alan Patrick,1219,Internacional,71,SecondHalf,TakeOn,Unsuccessful,65.4,94.4,,
580,114096,Jádson,1243,Athletico Paranaense,71,SecondHalf,Tackle,Successful,34.6,5.6,,
633,386203,Alexandro Bernabéi,1219,Internacional,71,SecondHalf,Pass,Successful,63.2,100,47.8,83.6
634,285541,Juninho,1219,Internacional,71,SecondHalf,Pass,Successful,53,80,58,90.3
635,386203,Alexandro Bernabéi,1219,Internacional,71,SecondHalf,Pass,Successful,56.4,94.6,42,69.9
636,285541,Juninho,1219,Internacional,72,SecondHalf,Pass,Successful,38.3,64.3,41.4,23.6
637,121417,Guillermo Maripán,1219,Internacional,72,SecondHalf,Pass,Successful,43.5,26.4,64,18.3
638,74571,Alan Patrick,1219,Internacional,72,SecondHalf,Pass,Successful,64,18.3,60.3,5.5
639,373666,Vitinho,1219,Internacional,72,SecondHalf,Pass,Unsuccessful,60.3,5.5,78.5,27.4
582,477736,Juan Aguirre,1243,Athletico Paranaense,72,SecondHalf,Clearance,Successful,20.9,72.9,23,100
641,404916,Braian Aguirre,1219,Internacional,72,SecondHalf,Pass,Successful,77.2,0,64.9,6.7
642,383128,Bruno Gomes,1219,Internacional,72,SecondHalf,Pass,Successful,64.8,7.6,45.5,15.9
643,121417,Guillermo Maripán,1219,Internacional,72,SecondHalf,Pass,Successful,45.1,17.9,47,41.5
644,372676,Rodrigo Villagra,1219,Internacional,72,SecondHalf,Pass,Successful,47.3,43.7,57.8,64.9
645,285541,Juninho,1219,Internacional,72,SecondHalf,Pass,Successful,58.5,64.3,66.5,70.5
646,386203,Alexandro Bernabéi,1219,Internacional,72,SecondHalf,Pass,Successful,66.5,70.5,95.2,69.4
647,74571,Alan Patrick,1219,Internacional,72,SecondHalf,Pass,Successful,96.2,72.4,92,68.3
648,373666,Vitinho,1219,Internacional,72,SecondHalf,Pass,Successful,93.7,67.3,86.4,65.1
649,386203,Alexandro Bernabéi,1219,Internacional,72,SecondHalf,SavedShot,Successful,89.1,64.2,,
585,119542,Gilberto,1243,Athletico Paranaense,72,SecondHalf,Save,Successful,8.9,37.7,,
650,285541,Juninho,1219,Internacional,72,SecondHalf,Challenge,Unsuccessful,63.8,88,,
586,604318,Leozinho,1243,Athletico Paranaense,72,SecondHalf,TakeOn,Successful,36.3,12,,
587,604318,Leozinho,1243,Athletico Paranaense,72,SecondHalf,BallRecovery,Successful,38.1,3.5,,
588,604318,Leozinho,1243,Athletico Paranaense,72,SecondHalf,Pass,Successful,55.5,5.6,56.9,15.8
589,114096,Jádson,1243,Athletico Paranaense,72,SecondHalf,Pass,Successful,56.9,15.8,67.2,6.2
590,604318,Leozinho,1243,Athletico Paranaense,72,SecondHalf,Pass,Successful,67.3,6.2,79.8,16.8
591,119542,Gilberto,1243,Athletico Paranaense,72,SecondHalf,Pass,Unsuccessful,79.8,16.8,80.4,25
651,285541,Juninho,1219,Internacional,72,SecondHalf,BallRecovery,Successful,20.4,77.6,,
652,285541,Juninho,1219,Internacional,72,SecondHalf,Pass,Unsuccessful,20.4,77.6,23.8,83.8
592,604318,Leozinho,1243,Athletico Paranaense,72,SecondHalf,BallTouch,Successful,76.2,12.8,,
653,285541,Juninho,1219,Internacional,73,SecondHalf,Clearance,Successful,15.9,64,27.3,38.6
654,404916,Braian Aguirre,1219,Internacional,73,SecondHalf,Pass,Successful,35.7,41.8,40.1,48.7
655,74571,Alan Patrick,1219,Internacional,73,SecondHalf,Pass,Successful,40.5,47.3,62.6,2.8
656,373666,Vitinho,1219,Internacional,73,SecondHalf,Pass,Successful,75,20.6,69.2,33.7
657,132282,Bruno Henrique,1219,Internacional,73,SecondHalf,Pass,Successful,69.2,33.7,81,5.3
658,404916,Braian Aguirre,1219,Internacional,73,SecondHalf,Pass,Successful,81,5.3,65,18.9
659,383128,Bruno Gomes,1219,Internacional,73,SecondHalf,Pass,Successful,65.7,21.6,65.8,36.7
660,372676,Rodrigo Villagra,1219,Internacional,73,SecondHalf,Pass,Successful,65.9,36.9,71.6,50.9
661,74571,Alan Patrick,1219,Internacional,73,SecondHalf,Pass,Successful,72.1,50.9,75.4,60
662,386203,Alexandro Bernabéi,1219,Internacional,73,SecondHalf,Pass,Unsuccessful,75.4,57.5,76.1,43.7
593,604318,Leozinho,1243,Athletico Paranaense,73,SecondHalf,Pass,Successful,23.2,57.8,24.6,49.4
594,114096,Jádson,1243,Athletico Paranaense,73,SecondHalf,BallRecovery,Successful,24.6,49.4,,
595,114096,Jádson,1243,Athletico Paranaense,73,SecondHalf,Pass,Unsuccessful,24.6,49.4,25.2,47.9
663,386203,Alexandro Bernabéi,1219,Internacional,73,SecondHalf,BlockedPass,Successful,75.2,65.1,,
664,386203,Alexandro Bernabéi,1219,Internacional,73,SecondHalf,Pass,Successful,75.2,65.1,72.9,79.6
665,404828,Johan Carbonero,1219,Internacional,73,SecondHalf,BallRecovery,Successful,72.9,79.6,,
666,404828,Johan Carbonero,1219,Internacional,73,SecondHalf,Pass,Successful,72.9,79.6,70.5,72.6
667,74571,Alan Patrick,1219,Internacional,73,SecondHalf,Pass,Successful,73.5,70.6,88,93.6
668,404828,Johan Carbonero,1219,Internacional,73,SecondHalf,Pass,Unsuccessful,91.6,91.2,91.3,89.4
596,114096,Jádson,1243,Athletico Paranaense,73,SecondHalf,BlockedPass,Successful,6.6,4.7,,
669,404828,Johan Carbonero,1219,Internacional,73,SecondHalf,Dispossessed,Successful,91.5,93.4,,
598,114096,Jádson,1243,Athletico Paranaense,73,SecondHalf,Tackle,Successful,8.4,6.5,,
671,404828,Johan Carbonero,1219,Internacional,73,SecondHalf,Pass,Successful,90.8,100,77.3,92.4
672,372676,Rodrigo Villagra,1219,Internacional,73,SecondHalf,SavedShot,Successful,77.5,81.9,,
600,404383,Carlos Terán,1243,Athletico Paranaense,73,SecondHalf,Save,Successful,15.3,28.2,,
673,372676,Rodrigo Villagra,1219,Internacional,74,SecondHalf,BallTouch,Unsuccessful,78.3,67.5,,
601,114096,Jádson,1243,Athletico Paranaense,74,SecondHalf,Pass,Successful,19.9,40.1,33.4,45.2
602,533161,Kevin Viveros,1243,Athletico Paranaense,74,SecondHalf,BallRecovery,Successful,28.9,31.2,,
603,533161,Kevin Viveros,1243,Athletico Paranaense,74,SecondHalf,Foul,Successful,32.2,28.3,,
675,121417,Guillermo Maripán,1219,Internacional,74,SecondHalf,Foul,Unsuccessful,67.8,71.7,,
604,404383,Carlos Terán,1243,Athletico Paranaense,75,SecondHalf,Pass,Successful,31.2,19.4,36.8,33.3
605,114096,Jádson,1243,Athletico Paranaense,75,SecondHalf,Pass,Successful,36.8,33.3,44.7,60.6
606,43369,Luiz Gustavo,1243,Athletico Paranaense,75,SecondHalf,Pass,Successful,50.2,65.7,60.9,95.6
607,605467,Claudinho,1243,Athletico Paranaense,75,SecondHalf,TakeOn,Unsuccessful,59,95,,
676,404916,Braian Aguirre,1219,Internacional,75,SecondHalf,Tackle,Successful,41,5,,
609,404979,Lucas Esquivel,1243,Athletico Paranaense,75,SecondHalf,Pass,Successful,59.2,100,71.7,79.3
610,533161,Kevin Viveros,1243,Athletico Paranaense,75,SecondHalf,Pass,Unsuccessful,71.7,79.3,82.6,84.4
678,404916,Braian Aguirre,1219,Internacional,75,SecondHalf,Clearance,Successful,24,9.2,33.7,9.5
611,533161,Kevin Viveros,1243,Athletico Paranaense,75,SecondHalf,Foul,Successful,67.6,90.4,,
679,121417,Guillermo Maripán,1219,Internacional,75,SecondHalf,Foul,Unsuccessful,32.5,9.4,,
612,404979,Lucas Esquivel,1243,Athletico Paranaense,77,SecondHalf,Pass,Successful,74.4,96.9,90.8,52.1
613,43369,Luiz Gustavo,1243,Athletico Paranaense,77,SecondHalf,MissedShots,Successful,90.8,52.1,,
682,416920,Anthoni,1219,Internacional,77,SecondHalf,Pass,Successful,3.5,52.7,14.1,62.6
683,285541,Juninho,1219,Internacional,77,SecondHalf,Pass,Successful,14.1,62.6,27.1,65.7
684,372676,Rodrigo Villagra,1219,Internacional,77,SecondHalf,Pass,Successful,33,67.6,43.3,90.6
685,386203,Alexandro Bernabéi,1219,Internacional,77,SecondHalf,Pass,Successful,43.1,85.9,33.4,64.3
686,285541,Juninho,1219,Internacional,77,SecondHalf,Pass,Successful,31.9,62,33.9,57.9
687,132282,Bruno Henrique,1219,Internacional,77,SecondHalf,Pass,Successful,34,56.4,40.9,9.1
688,383128,Bruno Gomes,1219,Internacional,77,SecondHalf,Pass,Successful,41.9,8.6,58.5,4.3
689,404916,Braian Aguirre,1219,Internacional,77,SecondHalf,Pass,Unsuccessful,58.5,4.3,59.9,5.3
615,605467,Claudinho,1243,Athletico Paranaense,77,SecondHalf,BlockedPass,Successful,34,95.7,,
690,404916,Braian Aguirre,1219,Internacional,77,SecondHalf,Pass,Successful,58.7,4.6,68.2,2.2
691,74571,Alan Patrick,1219,Internacional,77,SecondHalf,Pass,Successful,66.6,2.2,45.7,6.7
692,383128,Bruno Gomes,1219,Internacional,77,SecondHalf,Pass,Successful,43.5,9.1,32.8,33.6
693,121417,Guillermo Maripán,1219,Internacional,77,SecondHalf,Pass,Successful,33.7,38,30.8,60
694,285541,Juninho,1219,Internacional,77,SecondHalf,Pass,Unsuccessful,31.2,64.2,65.8,85.4
617,477736,Juan Aguirre,1243,Athletico Paranaense,77,SecondHalf,Aerial,Successful,35.8,15.1,,
695,373666,Vitinho,1219,Internacional,77,SecondHalf,Aerial,Unsuccessful,64.3,85,,
618,477736,Juan Aguirre,1243,Athletico Paranaense,77,SecondHalf,Clearance,Successful,37.7,15.8,46.4,0
697,386203,Alexandro Bernabéi,1219,Internacional,78,SecondHalf,Pass,Successful,56.8,100,41.7,85.9
698,285541,Juninho,1219,Internacional,78,SecondHalf,Pass,Successful,41.7,85.9,46.3,70.8
699,132282,Bruno Henrique,1219,Internacional,78,SecondHalf,Pass,Successful,44.7,67,42.1,39.7
700,121417,Guillermo Maripán,1219,Internacional,78,SecondHalf,Pass,Successful,43.7,37.6,93.9,71.5
701,373666,Vitinho,1219,Internacional,78,SecondHalf,Pass,Successful,93.2,83.6,85.6,90.6
702,386203,Alexandro Bernabéi,1219,Internacional,78,SecondHalf,Pass,Unsuccessful,88.6,89.4,88.8,87.5
620,604318,Leozinho,1243,Athletico Paranaense,78,SecondHalf,Clearance,Successful,11.5,9.5,,
703,386203,Alexandro Bernabéi,1219,Internacional,78,SecondHalf,CornerAwarded,Successful,88.6,89.3,,
621,604318,Leozinho,1243,Athletico Paranaense,78,SecondHalf,CornerAwarded,Unsuccessful,11.4,10.6,,
704,74571,Alan Patrick,1219,Internacional,78,SecondHalf,Pass,Successful,99.5,99.5,93.7,86.2
705,404828,Johan Carbonero,1219,Internacional,78,SecondHalf,Pass,Successful,93.3,85.9,85.6,76.3
706,74571,Alan Patrick,1219,Internacional,78,SecondHalf,SavedShot,Successful,89.4,73.2,,
622,478179,João Cruz,1243,Athletico Paranaense,78,SecondHalf,Save,Successful,8.9,30.3,,
707,74571,Alan Patrick,1219,Internacional,79,SecondHalf,Pass,Unsuccessful,89.4,73.2,92.2,57.5
623,605467,Claudinho,1243,Athletico Paranaense,79,SecondHalf,Clearance,Successful,8.7,41.2,63,6.7
708,372676,Rodrigo Villagra,1219,Internacional,79,SecondHalf,Pass,Successful,54.1,80.5,62,91.7
709,386203,Alexandro Bernabéi,1219,Internacional,79,SecondHalf,Pass,Unsuccessful,62,91.7,65.9,88.1
624,604318,Leozinho,1243,Athletico Paranaense,79,SecondHalf,BallTouch,Successful,32.8,5.2,,
625,477736,Juan Aguirre,1243,Athletico Paranaense,79,SecondHalf,Pass,Successful,15.5,15.2,25,10.1
626,119542,Gilberto,1243,Athletico Paranaense,79,SecondHalf,Clearance,Successful,25,10.1,37,14.4
710,386203,Alexandro Bernabéi,1219,Internacional,79,SecondHalf,Pass,Successful,65.3,82.7,54.1,77.5
711,372676,Rodrigo Villagra,1219,Internacional,79,SecondHalf,Pass,Successful,55.7,74.2,55.3,47.9
712,383128,Bruno Gomes,1219,Internacional,79,SecondHalf,Pass,Successful,58.7,43.4,63.6,12.2
713,404916,Braian Aguirre,1219,Internacional,79,SecondHalf,Pass,Successful,62,16.1,47.1,54.2
714,285541,Juninho,1219,Internacional,79,SecondHalf,Pass,Successful,48.6,52.7,57.7,20.7
715,383128,Bruno Gomes,1219,Internacional,79,SecondHalf,Pass,Successful,57.7,20.7,63.8,5.2
716,404916,Braian Aguirre,1219,Internacional,79,SecondHalf,Pass,Unsuccessful,63.6,4,57.6,10.7
717,383128,Bruno Gomes,1219,Internacional,79,SecondHalf,Challenge,Unsuccessful,45.9,9.2,,
627,478179,João Cruz,1243,Athletico Paranaense,79,SecondHalf,TakeOn,Successful,54.1,90.8,,
628,478179,João Cruz,1243,Athletico Paranaense,79,SecondHalf,BallRecovery,Successful,60.7,91.8,,
629,478179,João Cruz,1243,Athletico Paranaense,79,SecondHalf,Pass,Successful,72.8,87.4,86.1,87.4
630,605467,Claudinho,1243,Athletico Paranaense,79,SecondHalf,BallTouch,Unsuccessful,86.1,87.4,,
11723,373666,Vitinho,1219,Internacional,80,SecondHalf,OffsideGiven,Unsuccessful,92.4,55.5,,
638,114096,Jádson,1243,Athletico Paranaense,80,SecondHalf,SubstitutionOff,Successful,0,0,,
639,514971,Juan Portilla,1243,Athletico Paranaense,80,SecondHalf,SubstitutionOn,Successful,0,0,,
632,119542,Gilberto,1243,Athletico Paranaense,80,SecondHalf,SubstitutionOff,Successful,0,0,,
633,410318,Gastón Benavídez,1243,Athletico Paranaense,80,SecondHalf,SubstitutionOn,Successful,0,0,,
634,604318,Leozinho,1243,Athletico Paranaense,80,SecondHalf,SubstitutionOff,Successful,0,0,,
635,472112,Isaac,1243,Athletico Paranaense,80,SecondHalf,SubstitutionOn,Successful,0,0,,
727,416920,Anthoni,1219,Internacional,80,SecondHalf,Pass,Successful,3.6,55.2,41.3,10.6
719,383128,Bruno Gomes,1219,Internacional,80,SecondHalf,Pass,Successful,44.9,15.2,62.7,7.4
720,404916,Braian Aguirre,1219,Internacional,80,SecondHalf,Pass,Successful,62.7,7.4,47.3,28.8
721,383128,Bruno Gomes,1219,Internacional,80,SecondHalf,Pass,Successful,45.9,33.9,41.6,66.1
722,285541,Juninho,1219,Internacional,80,SecondHalf,Pass,Successful,43.5,66.9,46.2,86.2
723,386203,Alexandro Bernabéi,1219,Internacional,80,SecondHalf,OffsidePass,Successful,44.9,87.8,92.4,55.5
645,404979,Lucas Esquivel,1243,Athletico Paranaense,80,SecondHalf,OffsideProvoked,Successful,17.7,49.7,,
11642,533161,Kevin Viveros,1243,Athletico Paranaense,81,SecondHalf,OffsideGiven,Unsuccessful,92.1,15.8,,
641,101675,Santos,1243,Athletico Paranaense,81,SecondHalf,Pass,Unsuccessful,7,44.8,61,35.2
775,478179,João Cruz,1243,Athletico Paranaense,81,SecondHalf,Aerial,Unsuccessful,77,19.7,,
735,285541,Juninho,1219,Internacional,81,SecondHalf,Aerial,Successful,28.4,77.3,,
728,285541,Juninho,1219,Internacional,81,SecondHalf,Pass,Unsuccessful,27.1,67.2,33.5,69.9
642,404383,Carlos Terán,1243,Athletico Paranaense,81,SecondHalf,OffsidePass,Successful,46.3,31.6,92.1,15.8
729,121417,Guillermo Maripán,1219,Internacional,81,SecondHalf,OffsideProvoked,Successful,23.7,68.8,,
730,285541,Juninho,1219,Internacional,81,SecondHalf,Pass,Successful,22.4,70.6,28.4,47.8
731,121417,Guillermo Maripán,1219,Internacional,81,SecondHalf,BallTouch,Successful,28.4,47.8,,
732,132282,Bruno Henrique,1219,Internacional,82,SecondHalf,Pass,Successful,76.9,48.7,89.9,46.7
734,404828,Johan Carbonero,1219,Internacional,82,SecondHalf,SavedShot,Successful,87.2,50.3,,
643,410318,Gastón Benavídez,1243,Athletico Paranaense,82,SecondHalf,Save,Successful,9.2,49.6,,
733,404828,Johan Carbonero,1219,Internacional,82,SecondHalf,CornerAwarded,Successful,90,49.2,,
644,43369,Luiz Gustavo,1243,Athletico Paranaense,82,SecondHalf,CornerAwarded,Unsuccessful,10,50.8,,
739,372676,Rodrigo Villagra,1219,Internacional,83,SecondHalf,SubstitutionOff,Successful,0,0,,
740,605481,João Bezerra,1219,Internacional,83,SecondHalf,SubstitutionOn,Successful,0,0,,
800,,,1219,Internacional,83,SecondHalf,FormationChange,Successful,0,0,,
736,74571,Alan Patrick,1219,Internacional,83,SecondHalf,Pass,Successful,99.3,0.4,91.6,47.8
748,605481,João Bezerra,1219,Internacional,83,SecondHalf,Aerial,Successful,95.2,47.8,,
668,533161,Kevin Viveros,1243,Athletico Paranaense,83,SecondHalf,Aerial,Unsuccessful,5.8,54.2,,
737,605481,João Bezerra,1219,Internacional,83,SecondHalf,SavedShot,Successful,90.2,45,,
646,101675,Santos,1243,Athletico Paranaense,83,SecondHalf,Save,Successful,3.1,51.5,,
738,132282,Bruno Henrique,1219,Internacional,83,SecondHalf,Pass,Unsuccessful,97,38.2,96.4,46.4
647,101675,Santos,1243,Athletico Paranaense,83,SecondHalf,KeeperPickup,Successful,3.1,51.5,,
648,101675,Santos,1243,Athletico Paranaense,84,SecondHalf,Pass,Successful,10.8,50,42.1,21.8
649,514971,Juan Portilla,1243,Athletico Paranaense,84,SecondHalf,Pass,Successful,43.4,18.2,54,4.9
650,410318,Gastón Benavídez,1243,Athletico Paranaense,84,SecondHalf,Pass,Successful,52.4,8,54,16.8
651,514971,Juan Portilla,1243,Athletico Paranaense,84,SecondHalf,Pass,Successful,55.7,15.4,54.6,4.3
774,410318,Gastón Benavídez,1243,Athletico Paranaense,84,SecondHalf,Pass,Successful,49.4,4.7,38.2,9.4
652,404383,Carlos Terán,1243,Athletico Paranaense,84,SecondHalf,Pass,Successful,41.4,12.3,46.1,20.3
653,514971,Juan Portilla,1243,Athletico Paranaense,84,SecondHalf,BallTouch,Successful,46.1,20.3,,
654,43369,Luiz Gustavo,1243,Athletico Paranaense,84,SecondHalf,Pass,Successful,46.2,47.2,63.9,95.1
655,605467,Claudinho,1243,Athletico Paranaense,84,SecondHalf,Pass,Successful,69.2,94.1,73.8,95
656,472112,Isaac,1243,Athletico Paranaense,84,SecondHalf,Pass,Successful,73.8,95,70.3,92.6
657,605467,Claudinho,1243,Athletico Paranaense,84,SecondHalf,Pass,Successful,70.3,92.6,54.5,88.3
658,43369,Luiz Gustavo,1243,Athletico Paranaense,84,SecondHalf,Pass,Successful,55.3,87.8,58.4,62.6
659,514971,Juan Portilla,1243,Athletico Paranaense,84,SecondHalf,Pass,Successful,58.2,63.9,35.6,56.4
660,477736,Juan Aguirre,1243,Athletico Paranaense,84,SecondHalf,Pass,Successful,33,53.9,34,31.2
661,404383,Carlos Terán,1243,Athletico Paranaense,84,SecondHalf,Pass,Successful,34,31.2,47.4,45.1
662,514971,Juan Portilla,1243,Athletico Paranaense,84,SecondHalf,TakeOn,Unsuccessful,44,47,,
741,132282,Bruno Henrique,1219,Internacional,84,SecondHalf,Tackle,Unsuccessful,56,53,,
742,132282,Bruno Henrique,1219,Internacional,84,SecondHalf,TakeOn,Unsuccessful,63.2,47.5,,
663,43369,Luiz Gustavo,1243,Athletico Paranaense,84,SecondHalf,Tackle,Unsuccessful,36.7,52.5,,
832,132282,Bruno Henrique,1219,Internacional,84,SecondHalf,BallTouch,Successful,60.6,47.5,,
743,605481,João Bezerra,1219,Internacional,84,SecondHalf,TakeOn,Successful,67.3,38.7,,
664,514971,Juan Portilla,1243,Athletico Paranaense,84,SecondHalf,Challenge,Unsuccessful,32.7,61.3,,
744,605481,João Bezerra,1219,Internacional,84,SecondHalf,Pass,Unsuccessful,66.2,33.1,67.8,34.3
665,43369,Luiz Gustavo,1243,Athletico Paranaense,84,SecondHalf,BlockedPass,Successful,36.5,57.6,,
666,43369,Luiz Gustavo,1243,Athletico Paranaense,84,SecondHalf,Pass,Unsuccessful,40.8,66.7,77.7,74.4
746,121417,Guillermo Maripán,1219,Internacional,84,SecondHalf,Clearance,Successful,20.3,23,12.6,0
669,605467,Claudinho,1243,Athletico Paranaense,85,SecondHalf,Pass,Successful,73.1,100,70,91.2
670,514971,Juan Portilla,1243,Athletico Paranaense,85,SecondHalf,Pass,Unsuccessful,72.3,91.2,72.9,100
750,383128,Bruno Gomes,1219,Internacional,85,SecondHalf,Pass,Successful,23.5,0,37.7,6.7
751,605481,João Bezerra,1219,Internacional,85,SecondHalf,Pass,Successful,37.7,6.7,33.4,18.6
752,132282,Bruno Henrique,1219,Internacional,85,SecondHalf,Pass,Successful,33.4,18.6,27.5,43.4
753,285541,Juninho,1219,Internacional,85,SecondHalf,Pass,Unsuccessful,27.5,43.4,67.9,75.7
672,404383,Carlos Terán,1243,Athletico Paranaense,85,SecondHalf,Aerial,Successful,32,19.9,,
754,404828,Johan Carbonero,1219,Internacional,85,SecondHalf,Aerial,Unsuccessful,68,80.2,,
673,404383,Carlos Terán,1243,Athletico Paranaense,85,SecondHalf,Pass,Successful,32,13.4,40.6,7.9
674,410318,Gastón Benavídez,1243,Athletico Paranaense,85,SecondHalf,Pass,Unsuccessful,40.6,7.9,42.6,8.3
755,386203,Alexandro Bernabéi,1219,Internacional,85,SecondHalf,BlockedPass,Successful,61.7,95.1,,
675,404383,Carlos Terán,1243,Athletico Paranaense,85,SecondHalf,Pass,Unsuccessful,30.6,4.4,55.7,18.8
756,285541,Juninho,1219,Internacional,85,SecondHalf,Pass,Unsuccessful,36.6,84.2,60.2,77
676,514971,Juan Portilla,1243,Athletico Paranaense,85,SecondHalf,Pass,Unsuccessful,36,19.1,70.1,49.1
757,121417,Guillermo Maripán,1219,Internacional,85,SecondHalf,Aerial,Successful,34.6,55.8,,
677,533161,Kevin Viveros,1243,Athletico Paranaense,85,SecondHalf,Aerial,Unsuccessful,65.4,44.2,,
758,121417,Guillermo Maripán,1219,Internacional,85,SecondHalf,Clearance,Successful,29.7,55.8,35.9,57.5
759,132282,Bruno Henrique,1219,Internacional,86,SecondHalf,Pass,Unsuccessful,35.9,57.5,44.2,68.5
678,410318,Gastón Benavídez,1243,Athletico Paranaense,86,SecondHalf,TakeOn,Unsuccessful,54.4,28.7,,
760,74571,Alan Patrick,1219,Internacional,86,SecondHalf,Tackle,Successful,45.6,71.4,,
762,74571,Alan Patrick,1219,Internacional,86,SecondHalf,Pass,Unsuccessful,45.8,78.5,70.2,87.2
679,404383,Carlos Terán,1243,Athletico Paranaense,86,SecondHalf,Interception,Successful,26.2,8.3,,
680,404383,Carlos Terán,1243,Athletico Paranaense,86,SecondHalf,BallRecovery,Successful,29.2,7,,
681,404383,Carlos Terán,1243,Athletico Paranaense,86,SecondHalf,Pass,Successful,33,4,39.1,23.6
682,478179,João Cruz,1243,Athletico Paranaense,86,SecondHalf,Pass,Successful,45.8,23.7,92.9,85.6
683,472112,Isaac,1243,Athletico Paranaense,86,SecondHalf,TakeOn,Unsuccessful,89.2,88.5,,
763,383128,Bruno Gomes,1219,Internacional,86,SecondHalf,Tackle,Successful,10.8,11.5,,
764,383128,Bruno Gomes,1219,Internacional,86,SecondHalf,Foul,Successful,14.2,5.8,,
684,472112,Isaac,1243,Athletico Paranaense,86,SecondHalf,Foul,Unsuccessful,85.8,94.3,,
765,383128,Bruno Gomes,1219,Internacional,86,SecondHalf,Pass,Unsuccessful,16.5,3.2,59.4,7.1
685,404979,Lucas Esquivel,1243,Athletico Paranaense,86,SecondHalf,BallTouch,Unsuccessful,38.2,93.2,,
766,605481,João Bezerra,1219,Internacional,86,SecondHalf,TakeOn,Unsuccessful,60.6,1.8,,
686,404979,Lucas Esquivel,1243,Athletico Paranaense,86,SecondHalf,Tackle,Unsuccessful,39.4,98.2,,
768,605481,João Bezerra,1219,Internacional,86,SecondHalf,BallTouch,Successful,60.5,9.7,,
688,404979,Lucas Esquivel,1243,Athletico Paranaense,87,SecondHalf,Pass,Unsuccessful,43.7,100,57.1,90.3
769,383128,Bruno Gomes,1219,Internacional,87,SecondHalf,Aerial,Successful,42.2,11.4,,
689,472112,Isaac,1243,Athletico Paranaense,87,SecondHalf,Aerial,Unsuccessful,58.5,86.9,,
770,383128,Bruno Gomes,1219,Internacional,87,SecondHalf,Pass,Unsuccessful,40.1,16.5,58.4,25.5
690,514971,Juan Portilla,1243,Athletico Paranaense,87,SecondHalf,Pass,Successful,43.5,77.5,40,68.2
691,43369,Luiz Gustavo,1243,Athletico Paranaense,87,SecondHalf,Pass,Unsuccessful,40,68.2,39.5,30.1
692,410318,Gastón Benavídez,1243,Athletico Paranaense,87,SecondHalf,Pass,Successful,68.8,17.7,87.1,39.1
693,533161,Kevin Viveros,1243,Athletico Paranaense,87,SecondHalf,SavedShot,Successful,94.5,32.2,,
771,416920,Anthoni,1219,Internacional,87,SecondHalf,Save,Successful,2,55.8,,
772,416920,Anthoni,1219,Internacional,87,SecondHalf,CornerAwarded,Unsuccessful,4.4,62.6,,
694,533161,Kevin Viveros,1243,Athletico Paranaense,87,SecondHalf,CornerAwarded,Successful,95.6,37.4,,
695,478179,João Cruz,1243,Athletico Paranaense,87,SecondHalf,Pass,Successful,99.5,0.5,91.3,50.6
696,410318,Gastón Benavídez,1243,Athletico Paranaense,87,SecondHalf,MissedShots,Successful,91.3,50.6,,
774,416920,Anthoni,1219,Internacional,88,SecondHalf,Pass,Successful,3.7,51.2,27.8,25.9
775,383128,Bruno Gomes,1219,Internacional,88,SecondHalf,Pass,Successful,43.1,13.8,61.8,7.4
776,404916,Braian Aguirre,1219,Internacional,88,SecondHalf,Pass,Successful,61.6,7.4,43.4,11.3
777,383128,Bruno Gomes,1219,Internacional,88,SecondHalf,Pass,Successful,40.7,22.1,35.9,63
778,285541,Juninho,1219,Internacional,88,SecondHalf,Pass,Successful,34.8,67.3,64.2,91.1
779,386203,Alexandro Bernabéi,1219,Internacional,88,SecondHalf,Pass,Unsuccessful,66.4,95.1,78.4,69.7
698,404383,Carlos Terán,1243,Athletico Paranaense,88,SecondHalf,Pass,Successful,24.1,23.7,26.8,11.4
699,410318,Gastón Benavídez,1243,Athletico Paranaense,88,SecondHalf,BallRecovery,Successful,26.8,11.4,,
700,410318,Gastón Benavídez,1243,Athletico Paranaense,88,SecondHalf,Pass,Successful,26.8,11.4,30.4,17.3
701,514971,Juan Portilla,1243,Athletico Paranaense,88,SecondHalf,Pass,Successful,30.4,17.3,33.3,8.5
702,478179,João Cruz,1243,Athletico Paranaense,88,SecondHalf,Pass,Successful,31.6,8.5,37,3.2
703,410318,Gastón Benavídez,1243,Athletico Paranaense,88,SecondHalf,Foul,Successful,34,4.6,,
780,386203,Alexandro Bernabéi,1219,Internacional,88,SecondHalf,Foul,Unsuccessful,66,95.4,,
704,404383,Carlos Terán,1243,Athletico Paranaense,89,SecondHalf,Pass,Successful,31.8,8.3,74.1,94.5
705,605467,Claudinho,1243,Athletico Paranaense,89,SecondHalf,Dispossessed,Successful,64.7,91.4,,
781,404916,Braian Aguirre,1219,Internacional,89,SecondHalf,Tackle,Unsuccessful,35.2,8.6,,
706,605467,Claudinho,1243,Athletico Paranaense,89,SecondHalf,Pass,Successful,69.4,91.8,60.6,86.2
707,404979,Lucas Esquivel,1243,Athletico Paranaense,89,SecondHalf,Pass,Unsuccessful,60.6,86.2,61.7,87.4
782,404916,Braian Aguirre,1219,Internacional,89,SecondHalf,BallTouch,Successful,45.5,8.8,,
708,404979,Lucas Esquivel,1243,Athletico Paranaense,89,SecondHalf,Pass,Successful,58.8,87.7,59.6,95.3
709,605467,Claudinho,1243,Athletico Paranaense,89,SecondHalf,Pass,Successful,59.6,95.3,64.3,91.7
710,404979,Lucas Esquivel,1243,Athletico Paranaense,89,SecondHalf,Pass,Successful,66.1,82.6,92.7,84.4
711,472112,Isaac,1243,Athletico Paranaense,89,SecondHalf,Pass,Unsuccessful,94.3,76.1,92.7,68.1
783,121417,Guillermo Maripán,1219,Internacional,89,SecondHalf,BallTouch,Successful,12.3,28.9,,
784,121417,Guillermo Maripán,1219,Internacional,89,SecondHalf,BallRecovery,Successful,13.1,29.5,,
785,121417,Guillermo Maripán,1219,Internacional,89,SecondHalf,Pass,Unsuccessful,19.3,31,81.9,100
712,404383,Carlos Terán,1243,Athletico Paranaense,89,SecondHalf,ShieldBallOpp,Successful,34.5,0.7,,
714,404383,Carlos Terán,1243,Athletico Paranaense,89,SecondHalf,Pass,Unsuccessful,26.8,0,56.2,11.9
787,285541,Juninho,1219,Internacional,90,SecondHalf,Interception,Successful,41.5,88.1,,
788,74571,Alan Patrick,1219,Internacional,90,SecondHalf,BallRecovery,Successful,56.3,76.6,,
789,74571,Alan Patrick,1219,Internacional,90,SecondHalf,Pass,Successful,56.3,76.6,55,87.2
790,386203,Alexandro Bernabéi,1219,Internacional,90,SecondHalf,Pass,Successful,55,87.2,59.8,79.9
791,132282,Bruno Henrique,1219,Internacional,90,SecondHalf,Pass,Successful,71.5,83.4,89,84.2
793,373666,Vitinho,1219,Internacional,90,SecondHalf,BallTouch,Unsuccessful,86.7,85.1,,
717,101675,Santos,1243,Athletico Paranaense,90,SecondHalf,Pass,Unsuccessful,4.7,47,65.1,42.2
794,121417,Guillermo Maripán,1219,Internacional,90,SecondHalf,Aerial,Successful,35.2,58,,
718,533161,Kevin Viveros,1243,Athletico Paranaense,90,SecondHalf,Aerial,Unsuccessful,64.8,42,,
795,121417,Guillermo Maripán,1219,Internacional,90,SecondHalf,Clearance,Successful,35.3,58.4,36.5,59.1
796,121417,Guillermo Maripán,1219,Internacional,90,SecondHalf,Pass,Successful,31.8,55.4,36.3,71.1
797,386203,Alexandro Bernabéi,1219,Internacional,90,SecondHalf,Pass,Unsuccessful,36.3,71.1,61.5,71.8
719,533161,Kevin Viveros,1243,Athletico Paranaense,90,SecondHalf,BallTouch,Successful,65,42.5,,
720,478179,João Cruz,1243,Athletico Paranaense,90,SecondHalf,Pass,Unsuccessful,60.4,34.2,62.3,38.3
721,404383,Carlos Terán,1243,Athletico Paranaense,90,SecondHalf,Pass,Successful,41.6,26.1,57.4,18
722,410318,Gastón Benavídez,1243,Athletico Paranaense,90,SecondHalf,Pass,Successful,56.9,18.8,81.6,81.5
723,472112,Isaac,1243,Athletico Paranaense,90,SecondHalf,BallTouch,Unsuccessful,81.6,81.5,,
798,404916,Braian Aguirre,1219,Internacional,90,SecondHalf,BallTouch,Successful,23.3,22.8,,
799,383128,Bruno Gomes,1219,Internacional,90,SecondHalf,Pass,Unsuccessful,6.8,4.6,41.7,4
724,404979,Lucas Esquivel,1243,Athletico Paranaense,91,SecondHalf,Pass,Successful,58.4,97.7,65.4,90.6
725,605467,Claudinho,1243,Athletico Paranaense,91,SecondHalf,Pass,Successful,71.9,86,62.8,68.7
726,43369,Luiz Gustavo,1243,Athletico Paranaense,91,SecondHalf,Pass,Successful,62,64.2,58.3,43.1
727,514971,Juan Portilla,1243,Athletico Paranaense,91,SecondHalf,Pass,Successful,58.3,43.1,46.5,30.4
728,404383,Carlos Terán,1243,Athletico Paranaense,91,SecondHalf,Pass,Successful,46.5,30.4,58.1,6.2
729,410318,Gastón Benavídez,1243,Athletico Paranaense,91,SecondHalf,Pass,Successful,58.1,6.2,47.2,16.4
730,404383,Carlos Terán,1243,Athletico Paranaense,91,SecondHalf,Pass,Successful,47.2,16.4,36,65.5
731,477736,Juan Aguirre,1243,Athletico Paranaense,91,SecondHalf,Pass,Successful,36,65.5,42.8,91.2
732,404979,Lucas Esquivel,1243,Athletico Paranaense,91,SecondHalf,Pass,Successful,42.8,91.2,54.9,74.5
733,43369,Luiz Gustavo,1243,Athletico Paranaense,91,SecondHalf,Pass,Successful,58.7,77.6,62.8,94.4
734,605467,Claudinho,1243,Athletico Paranaense,91,SecondHalf,Pass,Successful,64.1,95.1,56.8,67
735,514971,Juan Portilla,1243,Athletico Paranaense,91,SecondHalf,Pass,Successful,56.8,67,60.5,73.2
736,43369,Luiz Gustavo,1243,Athletico Paranaense,91,SecondHalf,Pass,Successful,60.5,73.2,47.8,41.9
737,404383,Carlos Terán,1243,Athletico Paranaense,91,SecondHalf,Pass,Successful,47.8,41.9,56,46.3
738,514971,Juan Portilla,1243,Athletico Paranaense,91,SecondHalf,Pass,Successful,55.8,31.3,62.8,4.6
739,410318,Gastón Benavídez,1243,Athletico Paranaense,91,SecondHalf,Pass,Successful,62.6,4.7,66.8,21.6
740,533161,Kevin Viveros,1243,Athletico Paranaense,91,SecondHalf,Pass,Successful,68.4,21,59.2,20.7
741,404383,Carlos Terán,1243,Athletico Paranaense,91,SecondHalf,Pass,Successful,59.1,20.6,56.9,30.9
742,43369,Luiz Gustavo,1243,Athletico Paranaense,91,SecondHalf,Pass,Successful,56.9,30.9,47.3,23.3
743,404383,Carlos Terán,1243,Athletico Paranaense,91,SecondHalf,Pass,Successful,47.3,23.3,51.2,9.5
744,410318,Gastón Benavídez,1243,Athletico Paranaense,91,SecondHalf,Pass,Successful,51.3,9.4,44,22.1
745,404383,Carlos Terán,1243,Athletico Paranaense,91,SecondHalf,Pass,Successful,44,22.1,30.8,6.1
746,410318,Gastón Benavídez,1243,Athletico Paranaense,91,SecondHalf,Pass,Successful,28.7,4,26.2,18.8
747,404383,Carlos Terán,1243,Athletico Paranaense,92,SecondHalf,Pass,Successful,24.8,17.9,33.4,21.5
748,43369,Luiz Gustavo,1243,Athletico Paranaense,92,SecondHalf,BallTouch,Unsuccessful,31.5,25,,
802,132282,Bruno Henrique,1219,Internacional,92,SecondHalf,BallTouch,Successful,71.7,76.4,,
803,74571,Alan Patrick,1219,Internacional,92,SecondHalf,BallRecovery,Successful,69.1,76.7,,
804,74571,Alan Patrick,1219,Internacional,92,SecondHalf,Pass,Successful,69.1,76.7,72.9,51.9
805,605481,João Bezerra,1219,Internacional,92,SecondHalf,BallTouch,Unsuccessful,72.9,51.9,,
749,514971,Juan Portilla,1243,Athletico Paranaense,92,SecondHalf,BallRecovery,Successful,31.4,71.8,,
750,514971,Juan Portilla,1243,Athletico Paranaense,92,SecondHalf,BallTouch,Successful,30.4,75.7,,
806,605481,João Bezerra,1219,Internacional,92,SecondHalf,Challenge,Unsuccessful,75,5.4,,
751,404979,Lucas Esquivel,1243,Athletico Paranaense,92,SecondHalf,TakeOn,Successful,25,94.6,,
752,404979,Lucas Esquivel,1243,Athletico Paranaense,92,SecondHalf,Pass,Successful,19.3,90.3,20.5,79.4
753,514971,Juan Portilla,1243,Athletico Paranaense,92,SecondHalf,Pass,Successful,20.4,78.2,27.1,66.1
754,43369,Luiz Gustavo,1243,Athletico Paranaense,92,SecondHalf,Pass,Successful,27.1,66.1,14.8,63.6
755,477736,Juan Aguirre,1243,Athletico Paranaense,92,SecondHalf,Pass,Successful,14.8,63.6,14.4,28.8
756,404383,Carlos Terán,1243,Athletico Paranaense,92,SecondHalf,Pass,Successful,20.3,27.3,40.8,10.1
757,533161,Kevin Viveros,1243,Athletico Paranaense,92,SecondHalf,Pass,Unsuccessful,40.8,10.1,47,23.4
807,74571,Alan Patrick,1219,Internacional,92,SecondHalf,Pass,Successful,58.2,77.9,64.7,83.3
808,404828,Johan Carbonero,1219,Internacional,92,SecondHalf,BallRecovery,Successful,64.7,83.3,,
809,404828,Johan Carbonero,1219,Internacional,92,SecondHalf,Pass,Successful,67.5,67.2,66.2,58.4
810,132282,Bruno Henrique,1219,Internacional,92,SecondHalf,Pass,Successful,66.2,58.4,88.6,88.9
811,373666,Vitinho,1219,Internacional,92,SecondHalf,Pass,Unsuccessful,86.6,83.8,100,64.9
759,101675,Santos,1243,Athletico Paranaense,93,SecondHalf,Pass,Successful,3.5,44.8,77.1,65.4
760,478179,João Cruz,1243,Athletico Paranaense,93,SecondHalf,BallTouch,Unsuccessful,79.2,65.5,,
813,121417,Guillermo Maripán,1219,Internacional,93,SecondHalf,Pass,Unsuccessful,22.2,28,67.5,43.1
761,477736,Juan Aguirre,1243,Athletico Paranaense,93,SecondHalf,Pass,Successful,38.1,56.1,55.5,44.5
762,43369,Luiz Gustavo,1243,Athletico Paranaense,93,SecondHalf,Pass,Successful,54,34.2,52.8,13.7
763,410318,Gastón Benavídez,1243,Athletico Paranaense,93,SecondHalf,Pass,Successful,42.1,23.1,41.3,5.9
764,404383,Carlos Terán,1243,Athletico Paranaense,93,SecondHalf,Pass,Unsuccessful,41.2,6.1,55.8,0
815,285541,Juninho,1219,Internacional,93,SecondHalf,Pass,Successful,39.4,100,32.9,66.4
816,121417,Guillermo Maripán,1219,Internacional,93,SecondHalf,Pass,Successful,33.4,65.2,14.4,44.6
817,416920,Anthoni,1219,Internacional,93,SecondHalf,Pass,Unsuccessful,17.8,45.5,70.5,61.4
11824,404828,Johan Carbonero,1219,Internacional,94,SecondHalf,OffsideGiven,Unsuccessful,87,73.6,,
766,477736,Juan Aguirre,1243,Athletico Paranaense,94,SecondHalf,Aerial,Successful,30,38,,
818,373666,Vitinho,1219,Internacional,94,SecondHalf,Aerial,Unsuccessful,69.6,62.5,,
767,477736,Juan Aguirre,1243,Athletico Paranaense,94,SecondHalf,Pass,Unsuccessful,34.5,33.3,47.4,45.2
819,132282,Bruno Henrique,1219,Internacional,94,SecondHalf,Pass,Successful,62.7,64.2,44.7,76.1
820,285541,Juninho,1219,Internacional,94,SecondHalf,Pass,Successful,44.7,76.1,58.1,86.2
821,386203,Alexandro Bernabéi,1219,Internacional,94,SecondHalf,Pass,Successful,58.1,86.2,63.9,78.2
822,74571,Alan Patrick,1219,Internacional,94,SecondHalf,Pass,Successful,63.9,78.2,69.4,61.4
823,132282,Bruno Henrique,1219,Internacional,94,SecondHalf,Pass,Successful,69.4,61.4,64.4,71.1
824,74571,Alan Patrick,1219,Internacional,94,SecondHalf,OffsidePass,Successful,65.2,60,87,73.6
768,477736,Juan Aguirre,1243,Athletico Paranaense,94,SecondHalf,OffsideProvoked,Successful,18.5,29.7,,
769,101675,Santos,1243,Athletico Paranaense,94,SecondHalf,Pass,Successful,16.8,28.9,58.4,12.2
770,410318,Gastón Benavídez,1243,Athletico Paranaense,94,SecondHalf,Pass,Successful,58.4,12.2,56,20.1
825,,,1219,Internacional,94,SecondHalf,End,Successful,0,0,,
771,,,1243,Athletico Paranaense,94,SecondHalf,End,Successful,0,0,,
772,,,1243,Athletico Paranaense,0,PostGame,End,Successful,0,0,,
829,,,1219,Internacional,0,PostGame,End,Successful,0,0,,
1,,,1243,Athletico Paranaense,0,PreMatch,FormationSet,Successful,0,0,,
2,,,1219,Internacional,0,PreMatch,FormationSet,Successful,0,0,,